facility_name,address,ward_name,lng,lat,recept_as,reception,workday
東京アスボクリニック,東京都中央区京橋2-2-1 京橋エドグラン24F,東京都中央区,139.769653,35.677307,,6665-0519,〈月・火・水・金〉午後2時半～4時半
京橋クリニック,東京都中央区京橋2-5-22 キムラヤビル2F,東京都中央区,139.770187,35.676357,,5579-5047,午前9時半～正午、午後2時半～5時
京橋整形外科,東京都中央区京橋2-8-21 喜久家ビル3F,東京都中央区,139.770874,35.67749,,3535-5700,午後3時～4時（平日のみ）
松本内科院,東京都中央区京橋2-11?5 パインセントラルビル5F,東京都中央区,139.771927,35.676216,,4405-7480,午前9時半～12時50分､午後2時半～5時50分
やべ耳鼻咽喉科,東京都中央区銀座1-6-13 106ギンザビル4F,東京都中央区,139.767349,35.674397,,3538-6366,午前9時～午後1時､午後2時～6時
吉川医院,東京都中央区銀座1-9-17,東京都中央区,139.768875,35.673927,,3561-4010,午前10時～正午、午後3時～5時半 （水曜・土曜は午前のみ）
有楽橋クリニック,東京都中央区銀座2-2-17 龍保険ビル4F,東京都中央区,139.76561,35.674606,,3567-8788,午前9時～午後3時
対馬ルリ子女性ライフクリニック銀座,東京都中央区銀座2-6-5 銀座トレシャス7F,東京都中央区,139.767105,35.673546,,3538-1202,午前10時～午後1時、午後2時～5時半
市川医院,東京都中央区銀座2-11-19  銀座市川ビル2F,東京都中央区,139.768753,35.671886,,3541-7202,午後3時半～5時半（平日のみ）（かかりつけ患者優先）
銀座スキンクリニック,東京都中央区銀座3-3-14 銀座グランディアビルII 3F,東京都中央区,139.765427,35.673176,,https://ginzaskin.com/,午前10時～午後6時 医院HPでも受け付けています。 0120-4103-53 
東銀座小川診療所,東京都中央区銀座3-12-7 原町ビル2F,東京都中央区,139.768768,35.670441,,http://ogawa-med.jp/,医院HPより予約案内あり。
木挽町医院,東京都中央区銀座4-11-4,東京都中央区,139.768372,35.670139,,3541-3800,〈平日〉午前9時～午後5時 〈土曜〉午前9時～正午
白倉内科診療所,東京都中央区銀座4-13-18 医療ビル1F,東京都中央区,139.768524,35.6693,,3543-4361,〈平日〉午前10時～午後1時、午後3時～5時 （水曜午後を除く）
銀座さわだ内科クリニック,東京都中央区銀座5-9-15 銀座清月堂ビル4F,東京都中央区,139.765121,35.670052,,3574-7784,午後3時半～5時（平日のみ）
西銀座診療所,東京都中央区銀座6-9-7 近畿建物銀座ビル3F,東京都中央区,139.763382,35.670025,,3573-3094,午前9時半～11時半（平日のみ）
銀座内科・神経内科クリニック,東京都中央区銀座6-12-10 銀座龍岡ビル2F,東京都中央区,139.764618,35.669136,,070-5460-7987,〈月・火・木・金〉午前11時～午後1時、午後3時半～5時半 〈水〉午前11時～午後1時
銀座ウィメンズクリニック,東京都中央区銀座6-12-13 大東銀座ビル4F,東京都中央区,139.764618,35.669136,,5537-7588,午後2時～3時（木・日・祝を除く） （原則、女性の方対象）
銀座在宅醫院　（※）,東京都中央区銀座7-11-6 GINZA ISONOビル5F,東京都中央区,139.763565,35.668327,,6826-1220,午前9時～正午（平日のみ）
小松診療所,東京都中央区銀座7-12-18 第一銀座ビル3F,東京都中央区,139.763824,35.668125,,3543-7611,〈平日〉午前10時～午後5時
銀座しまだ内科クリニック,東京都中央区銀座8-4-26 イワキビル4F,東京都中央区,139.759415,35.668674,,080-7699-8262,〈平日〉午前9時半～午後1時半、午後3時～6時
栗原クリニック,東京都中央区銀座8-12-5 峯田ビル3F,東京都中央区,139.762863,35.667397,,6278-8834,午前9時～10時（診察日のみ）
銀座ハートクリニック,東京都中央区銀座8-16-5 銀座中央ビル1F,東京都中央区,139.763611,35.665848,,070-2680-7698,〈月・火・水・金〉午後3時半～5時半
吉井医院,東京都中央区新富1-5-14,東京都中央区,139.772919,35.67244,,3551-2032,午前11時～正午､午後2時半～3時半（平日のみ）
新富げんかクリニック,東京都中央区新富2-14-5 不二窯業株式会社2F・3F,東京都中央区,139.774963,35.670658,,http://www.shintomi-genka-cl.jp/,午前10時～正午、午後3時～5時（平日のみ） 3551-4346
EASE女性のクリニック,東京都中央区入船1-1-24 5F,東京都中央区,139.777573,35.673565,,https://medical.apokul.jp/web/63/reservations/add/visit,午前9時～午後5時（平日のみ）　3206-1112
厚生診療所,東京都中央区湊3-18-17 マルキ榎本ビル1F,東京都中央区,139.78064,35.669449,,3553-1857,午前10時～正午、午後2時～5時
中央みなとクリニック,東京都中央区明石町8-1 聖路加タワー2F,東京都中央区,139.778534,35.666767,,3547-1395,午前8時半～午後5時半
真山クリニック,東京都中央区明石町11-3 築地アサカワビル2F,東京都中央区,139.775223,35.667019,,https://select-type.com/p/satellite-clinic,ネットでの予約をお願いいたします。
高尾クリニック,東京都中央区明石町11-3 築地アサカワビル2F,東京都中央区,139.775223,35.667019,,https://select-type.com/p/satellite-clinic,ネットでの予約をお願いいたします。
慶友銀座クリニック,東京都中央区築地1-13-11 高橋ビル2F,東京都中央区,139.769562,35.668091,,090-8745-0700,午前10時～正午
八丁堀医院,東京都中央区八丁堀2-20-8 八丁堀綜通ビル9F,東京都中央区,139.777039,35.675728,,3551-8860,午前10時半～午後1時、午後3時～5時
八丁堀3丁目クリニック,東京都中央区八丁堀3-2-5 八丁堀医療ビル2F,東京都中央区,139.773346,35.675076,,070-8410-1867,〈平日〉午前10時～正午、午後3時～6時（木曜を除く） 〈土曜日〉午前10時～正午
三和会中央診療所,東京都中央区八丁堀3-20-5 S-GATE 八丁堀2F,東京都中央区,139.776962,35.675259,,080-2268-9563,午前9時半～12時半､午後2時半～5時
高橋医院,東京都中央区八丁堀3-26-8 高橋ビル1F,東京都中央区,139.778717,35.674992,,3551-5955,〈水・木〉午前9時半～正午、午後3時～6時
東京ダイヤビルクリニック,東京都中央区新川1-28-25 東京ダイヤビルディング3号館1F,東京都中央区,139.783371,35.675465,,3551-7737,午前11時～12時半、午後4時～5時半
八丁堀かず内科外科クリニック,東京都中央区新川2-28-2 メディカルプライム新川3F,東京都中央区,139.782364,35.67329,,070-2251-8819,午前10時半～12時半､午後3時半～5時半
小池医院,東京都中央区日本橋室町1-12-9,東京都中央区,139.774994,35.685909,,3271-0813,午前9時～12時半､午後2時～5時
三井タワークリニック,東京都中央区室町2-1-1 日本橋三井タワー5F,東京都中央区,139.771988,35.67057,,6665-0968,午前9時半～午後4時半
日本橋内科・アレルギー科クリニック,東京都中央区日本橋室町2-4-3 7F,東京都中央区,139.773895,35.687302,,3274-4159,〈月・火・水・金〉午前10時～午後1時、午後3時～5時半 〈木・土〉午前10時～午後1時（第3土曜休診）
大辻内科クリニック,東京都中央区室町4-2-1,東京都中央区,139.771988,35.67057,,3279-3916,午前10時～午後1時、午後3時～6時 （平日のみ）
日本橋・重田クリニック,東京都中央区日本橋室町4-2-13 5F,東京都中央区,139.771774,35.689686,,3241-4045,午前10時～午後2時
五十嵐内分泌クリニック,東京都中央区日本橋本町1-5-11 2F,東京都中央区,139.776001,35.686684,,3270-8855,午前10時～午後1時､午後2時～6時（平日のみ）
友仁クリニック,東京都中央区日本橋本町1-6-5,東京都中央区,139.7771,35.686974,,3510-9561,午前9時半～午後1時､午後2時～5時（平日のみ）
津布久医院　（※）,東京都中央区小網町3-12,東京都中央区,139.771988,35.67057,,3666-1687,〈平日〉午前11時～正午、午後4時～5時 〈土曜〉午前11時～正午
鈴木医院,東京都中央区日本橋大伝馬町3-11,東京都中央区,139.777832,35.689724,,https://internist-151.business.site/,午後2時～4時 3661-5281
大伝馬クリニック,東京都中央区大伝馬町9-7,東京都中央区,139.771988,35.67057,,3661-5367,午前10時～正午
さいとう内科・循環器クリニック,東京都中央区大伝馬町13-8 メディカルプライム日本橋小伝馬町3F,東京都中央区,139.771988,35.67057,,5843-6255,＜平日＞午前10時～午後1時
日本橋神経クリニック,東京都中央区大伝馬町13-8 メデイカムプライム日本橋小伝馬町7F,東京都中央区,139.771988,35.67057,,070-8334-2484,午前9時～午後5時
らいふサイエンス内科クリニック,東京都中央区日本橋堀留町2-6-6 ライフサイエンスビル5F,東京都中央区,139.78093,35.689285,,5652-0725,午前10時～午後1時､午後4時～6時
日本橋木原クリニック,東京都中央区日本橋堀留町2-8-5 1F,東京都中央区,139.781494,35.688633,,5651-1113,午前9時～正午､午後2時～4時
日本橋かわまた内科クリニック,東京都中央区富沢町10-18 1F,東京都中央区,139.771988,35.67057,,080-1380-3552,午前9時～9時半、午後4時～5時
村田内科クリニック　（※）,東京都中央区人形町1-5-8,東京都中央区,139.771988,35.67057,,3666-3880,午前11時～正午
玉寄クリニック　（※）,東京都中央区人形町1-12-11-105,東京都中央区,139.771988,35.67057,,3661-5555,午前9時～12時半、午後3時～6時 （木曜・土曜は午前のみ）
みんなの内科クリニック人形町・水天宮,東京都中央区人形町2-2-3 アライヴ人形町6階,東京都中央区,139.771988,35.67057,,https://minnano-naika.com/,詳しくは医院HPをご覧ください。
中央内科クリニック,東京都中央区人形町2-7-8,東京都中央区,139.771988,35.67057,,3668-0088,〈平日〉午前9時～午後1時、午後2時半～6時 〈土曜〉午前9時～午後1時、午後2時～4時
水天宮前小児科,東京都中央区人形町2-12-11 水天宮M．Y．ビル 3F,東京都中央区,139.771988,35.67057,,3639-0021,〈月・火・木・金〉午前10時～正午 原則、60歳未満の方対象
高柳耳鼻咽喉科,東京都中央区人形町2-21-1 FSビル2F,東京都中央区,139.771988,35.67057,,3667-7764,午前9時半～午後1時
水天宮前いきいきクリニック内科・呼吸器内科,東京都中央区日本橋蛎殻町1-29-6 水天宮前東急ビル2F,東京都中央区,139.783646,35.683262,,3665-1159,〈平日〉午前10時～12時半、午後3時～5時半 〈土曜〉午前10時～12時半
日本橋馬喰町クリニック,東京都中央区日本橋馬喰町1-6-1 JUSKYTOWER日本橋3F,東京都中央区,139.782562,35.693138,,5843-6275,正午～午後1時
日本橋かきがら町クリニック,東京都中央区蛎殻町1-10-4 宮田ビル2F,東京都中央区,139.771988,35.67057,,5651-1361,詳細はクリニックにお問い合わせください。
日本橋むらやまクリニック,東京都中央区東日本橋1-1-4,東京都中央区,139.784927,35.690746,,080-6781-1890,午前10時～正午､午後2時～4時
久松町まつうらクリニック,東京都中央区久松町10-8 フィルパーク日本橋久松町2F,東京都中央区,139.771988,35.67057,,6661-0024,〈平日〉午前9時半～午後5時半
浜町センタービルクリニック,東京都中央区浜町2-31-1 浜町センタービルクリニック7F,東京都中央区,139.763626,35.660629,,3664-6858,午後1時半～4時半
日本橋えがわクリニック,東京都中央区八重洲1-1-3 寿ビル2F,東京都中央区,139.772232,35.684143,,https://nihonbashi-egawacl.com/,午前9時～午後6時（木曜日を除く） 5204-0311
公益財団法人日本検疫衛生協会東京診療所,東京都中央区八重洲1-7-20 八重洲口会館3F,東京都中央区,139.769913,35.681129,,3527-9135,午前9時～正午､午後1時～4時半（土曜は午前のみ）
八重洲ヤヨイクリニック,東京都中央区八重洲1-9-13 6F,東京都中央区,139.769867,35.680294,,5204-0841,午前9時～正午､午後3時～4時
上田診療所,東京都中央区日本橋2-1-10 柳屋ビルB1F,東京都中央区,139.772919,35.68243,,https://www.ueda.com/,午前9時半～12時半､午後2時～5時 3271-2775
八重洲街診療所,東京都中央区日本橋2-2-20 日本橋仲通りビル3F,東京都中央区,139.772232,35.682064,,3271-1828,午前10時～11時､午後3時～5時（水曜は午前のみ）
日本橋れいわ内科クリニック,東京都中央区日本橋3-2-15 ザ・レジデンス東京駅前1F,東京都中央区,139.771576,35.68045,,https://leiwa.mdja.jp/index.php?del2=1&gid=7,ネットでの予約をお願いいたします。
日本橋榎本内科,東京都中央区日本橋3-3-12 E-1ビル3F,東京都中央区,139.771378,35.680119,,3231-1003,〈平日〉午前9時～正午、午後3時～5時
茅場町いとう医院,東京都中央区茅場町1-13-15 新居ビル3F,東京都中央区,139.771988,35.67057,,http://www.kayabacho-itoiin.jp/,午前11時～午後1時（予約ではなく問い合わせのみ） 6667-0198
茅場町パークサイドクリニック,東京都中央区日本橋茅場町2-2-1 東石ビル1F,東京都中央区,139.777557,35.679417,,3666-2212,午前9時～12時45分､午後2時～4時45分
公益財団法人早期胃癌検診 協会附属茅場町クリニック,東京都中央区茅場町2-6-12,東京都中央区,139.771988,35.67057,,3668-6800,午前9時～午後4時 対象年齢は18歳以上（高校生不可）
セントラルクリニック,東京都中央区日本橋茅場町2-7-9 コニー セントラルビル2F,東京都中央区,139.779404,35.679482,,3669-1238,午前8時～11時半､午後1時半～4時半（平日のみ）
日本橋茅場町耳鼻咽喉科,東京都中央区日本橋茅場町2-8-10 碧山ビル3F,東京都中央区,139.779205,35.679153,,3669-2085,午前9時半～午後12時半､午後3時半～6時
中島クリニック,東京都中央区兜町8-8,東京都中央区,139.771988,35.67057,,3666-0880,午前10時～12時半、 午後2時～4時半（土曜は午前のみ）
佃リバーシティ皮膚科,東京都中央区佃1-11-8 ピアウエストスクエア1F,東京都中央区,139.783401,35.669273,,080-7070-1112,〈月･火･木･金〉午前9時～正午
リバーシティすずき整形外科,東京都中央区佃1-11-8 ピアウエストスクエア2F,東京都中央区,139.783401,35.669273,,https://suzuki-seikei.tokyo/,ネットからのみ予約を受け付けています。
橘耳鼻咽喉科クリニック,東京都中央区佃1-11-8 ピアウエストスクエア3F,東京都中央区,139.783401,35.669273,,5548-6011,午前10時～11時半、午後3時～4時半
リバーシティこどもクリニック,東京都中央区佃2-1-6 リバーシティM-スクエア1F,東京都中央区,139.785416,35.669704,,5548-2323,午前9時半～午後5時半
石川島記念病院,東京都中央区佃2-5-2,東京都中央区,139.785049,35.667271,,3532-3281,午後3時～5時（平日のみ）
河内クリニック,東京都中央区月島1-14-13 月島ホームズ102,東京都中央区,139.78186,35.665936,,https://kawachi-cl.org/,午後2時～5時 5548-7060
月島きずなクリニック,東京都中央区月島2-7-9,東京都中央区,139.784225,35.662727,,070-8427-5379,午前10時～午後3時
月島タワークリニック,東京都中央区月島2-10-2 ムーンアイランドタワー202,東京都中央区,139.78418,35.663509,,6219-7152,午前11時～午後4時
善利医院,東京都中央区月島3-13-4,東京都中央区,139.78067,35.661858,,3531-1566,午前10時～正午
みなとホームケアクリニック（※）,東京都中央区月島3-24-5 月島NRビル401,東京都中央区,139.778839,35.66338,,―,医療機関から個別に連絡をします。
小坂こども元気クリニック・病児保育室,東京都中央区月島3-30-3 ベルウッドビル2・3・4F,東京都中央区,139.779297,35.660873,,https://kosaka.clinic/,午前9時～午後6時（平日のみ） 5547-1191
鈴木クリニック　（※）,東京都中央区月島4-5-12 ベルハイツ201,東京都中央区,139.783478,35.660416,,3531-1685,午前11時～正午
月島クリニック,東京都中央区月島4-16-7-106,東京都中央区,139.78067,35.660187,,3531-0082,〈平日〉午前9時～12時半､午後2時半～6時半 〈土曜〉午前9時～11時半
杉野内科クリニック,東京都中央区勝どき2-9-12 HBビル勝どき3F,東京都中央区,139.778412,35.659393,,5547-0961,〈月・火・水・金〉午前10時～正午、午後2時～4時
勝どき駅前内科皮ふ科クリニック,東京都中央区勝どき3-5-5 AIP勝どき駅前ビル3F,東京都中央区,139.776031,35.65863,,5859-0948,午後2時～5時 5548-7060 （土曜午後・日・祝を除く）
勝どきみなみクリニック,東京都中央区勝どき4-8-5 アクティ東仲通り1F,東京都中央区,139.775635,35.656731,,3533-0715,〈月･火･水･金〉午前10時～12時半､午後3時半～6時 090-1250-3275
ザ東京タワーズクリニック,東京都中央区勝どき6-3-2-102 サﾞ東京タワーズミッドタワー1F,東京都中央区,139.773666,35.654881,,https://thetowers.jp,午後2時～5時（平日のみ） 070-2168-9248
晴海クリニック　（※）,東京都中央区晴海1-6-5-203,東京都中央区,139.783752,35.658813,,3531-0937,正午～午後1時
慈恵医大晴海トリトンクリニック,東京都中央区晴海1-8-8 オフィスタワーW3F,東京都中央区,139.78183,35.655556,,5548-3288,〈平日〉午後2時～午後4時 来院での予約は受け付けておりません。
晴海トリトン夢未来クリニック,東京都中央区晴海1?8?16 晴海トリトンスクエア 3F,東京都中央区,139.786163,35.659523,,http://219.117.202.90/yk/,午前8時半～12時半、午後2時半～6時半 （土日祝の午後は午後1時半～3時半） 3536-1361
たけぶちファミリークリニック,東京都中央区晴海2-5-24 晴海センタービル1F,東京都中央区,139.7827,35.65546,,080-3544-3534,午前10時半～午後1時、午後3時半～5時半
晴海3丁目クリニック,東京都中央区晴海3-10-1 Daiwa晴海ビル 1F A-3,東京都中央区,139.779266,35.653954,,https://www.harumi3-cl.jp/,〈月･火･木･金〉午前9時半～午後7時半 〈土日〉午前9時～午後5時 090-9835-8633
海上ビル診療所,東京都千代田区丸の内1-2-1 東京海上日動ビル新館3階,東京都千代田区,139.763107,35.682842,,03-3212-7690,午前9時～午後5時30分（月曜日～金曜日） 午前9時～12時（第2・第4土曜日）
MARU By Tokyo Business Clinic,東京都千代田区丸の内1-8-2 鉄鋼ビルディング1階,東京都千代田区,139.769562,35.682667,,03-6269-9475,午前9時～午後8時30分
東京ビジネスクリニック グランスタ丸の内,東京都千代田区丸の内1-9-1 JR東日本東京駅構内地下1階,東京都千代田区,139.767242,35.681252,,03-6259-1605,午前9時～午後8時30分
東京ビジネスクリニック 八重洲北口,東京都千代田区丸の内1-8-2 鉄鋼ビルディング地下1階,東京都千代田区,139.769562,35.682667,,03-6268-0079,午前9時～午後8時30分
聖路加メディローカス,東京都千代田区大手町1丁目9-7 大手町フィナンシャルシティサウスタワー2階,東京都千代田区,139.765411,35.688286,,03-3527-9557,午前9時～12時（月曜日～金曜日）
帝国クリニック,東京都千代田区内幸町1-1-1 帝国ホテル本館4階,東京都千代田区,139.758057,35.671375,,03-3503-8681,午前9時～午後1時/午後2時30分～6時（月曜日～金曜日） 緊急事態宣言中は午後4時まで
中田クリニック,東京都千代田区内幸町2-2-1 日本プレスセンタービルB1階,東京都千代田区,139.754822,35.670513,,03-5511-7770,午前9時～午後1時/午後3時～7時（月曜日・火曜日・木曜日・金曜日） 午後3時～7時（水曜日） 午前9時～午後1時（土曜日）
日比谷国際クリニック,東京都千代田区内幸町2-2-3 日比谷国際ビル地下1階,東京都千代田区,139.754822,35.670513,,03-3503-3440,午前9時～午後1時/午後2時～5時（月曜日～金曜日）
有楽町 睡眠・呼吸器内科クリニック,東京都千代田区有楽町1-7-1 有楽町電気ビル 北館5階,東京都千代田区,139.761444,35.674358,,03-5221-8088,午前10時～午後1時/午後3時～6時30分（月曜日～金曜日） 午後3時～6時30分（第2・4水曜日）
アイ・ローズクリニック,東京都千代田区霞が関1-4-1 日土地ビル1階,東京都千代田区,139.750793,35.670742,,03-3503-3900,午前9時～12時（月曜日～金曜日）
薬師堂クリニック,東京都千代田区永田町2-14-2 山王グランドビル2階,東京都千代田区,139.738052,35.676807,,03-3500-5090,午前9時～午後1時/午後2時30分～6時（月曜日～木曜日） 午後2時30分～7時（金曜日） 午前9時～午後1時（土曜日）
大森胃腸科,東京都千代田区隼町2-15,東京都千代田区,139.741913,35.682884,,03-3234-6226,午前9時～12時45分/午後2時～5時（月曜日～水曜日・金曜日） 午前9時～12時45分（木曜日・土曜日）
半蔵門病院,東京都千代田区麹町1-10,東京都千代田区,139.742584,35.68515,,03-3239-3355,午前9時～午後4時30分（月曜日～土曜日）
麹町明光耳鼻咽喉科,東京都千代田区麹町1-5-4-101,東京都千代田区,139.742142,35.683575,,03-3288-7333,午前9時30分～午後6時（月曜日・火曜日・木曜日・金曜日） 午前9時30分～12時30分（土曜日）
グローバルヘルスケアクリニック,東京都千代田区麹町3-12-2 麹町MSビル1階,東京都千代田区,139.738556,35.685204,,03-3222-8832,午前10時～12時30分/午後2時30分～6時30分（月曜日～金曜日） 午前10時～12時30分（土曜日）第3水曜日休診
浅井医院,東京都千代田区麹町3-7-24-101,東京都千代田区,139.739487,35.683392,,03-3261-0453,午前9時～12時（月曜日・火曜日・木曜日・金曜日）
麹町クリニック,東京都千代田区麹町3-4-7 啓ビル5階,東京都千代田区,139.737656,35.684956,,03-3238-7654,午前10時～午後1時（月曜日～金曜日）
山岡クリニック,東京都千代田区麹町4-3 麹町富士ビル2階,東京都千代田区,139.737595,35.683212,,03-3264-5160,午前9時30分～午後1時 午後3時～6時（月曜日～金曜日） 午前9時30分～午後1時（土曜日）
紀尾井町内科,東京都千代田区紀尾井町3-1 KKDビル1階,東京都千代田区,139.737793,35.681519,,03-6265-6500,午前9時30分～12時30分/午後2時～5時30分（月曜日～金曜日）
東都クリニック,東京都千代田区紀尾井町4-1 ホテルニューオータニガーデンタワー2階,東京都千代田区,139.734283,35.680435,,03-3239-0301,午後2時30分～3時30分（月曜日～金曜日） tohto-vaccine-yoyaku@kenkoigaku.or.jp
ふたばクリニック,東京都千代田区四番町4-22 四番町ビル101,東京都千代田区,139.737656,35.68959,,03-6268-9620,午前11時～12時（月曜日・火曜日・水曜日・金曜日）
市ヶ谷診療所,東京都千代田区五番町2 横山ビル1階,東京都千代田区,139.732758,35.689255,,03-3234-5021,午後2時30分～5時（月曜日～金曜日）
小川耳鼻咽喉科,東京都千代田区六番町7-36,東京都千代田区,139.733841,35.687035,,03-3230-3319,午前9時30分～12時30分/午後3時～6時（月曜日・火曜日・木曜日・金曜日） 午前9時30分～12時30分（土曜日）
常喜医院,東京都千代田区六番町7-1 番町グロリアビル1階,東京都千代田区,139.733841,35.687035,,03-5226-7557,午後1時30分～5時30分（月曜日～木曜日）
滝医院,東京都千代田区九段南4-3-1,東京都千代田区,139.739777,35.69154,,080-4200-4076,午前11時～12時30分/午後4時～6時（月曜日～水曜日・金曜日）
日本医科大学呼吸ケアクリニック,東京都千代田区九段南4-7-15 JPR市ヶ谷ビル8階,東京都千代田区,139.738846,35.691269,,03-5276-2325,午前9時～午後5時（月曜日～金曜日）
九段下駅前ココクリニック,東京都千代田区九段北1-2-1 九段中央ビル3階,東京都千代田区,139.752045,35.695976,,https://ssl.fdoc.jp/reserve/subjectlist/index/cid/s7757253,自動音声で24時間対応可 050-5306-9541
一口坂クリニック,東京都千代田区九段北4-1-5 市ヶ谷法曹ビルB1階,東京都千代田区,139.739746,35.692764,,03-3221-1919,午後1時～6時（月曜日～金曜日）
クリニックフォア飯田橋,東京都千代田区富士見2-7-1 プラーノ飯田橋1階,東京都千代田区,139.744965,35.700809,,ネット予約のみ,クリニックフォア飯田橋（外部サイトへリンク）
小池内科,東京都千代田区富士見2-13-16,東京都千代田区,139.743988,35.698071,,03-3265-0203,午前9時～午後6時（月曜日～金曜日） 午前9時～12時（土曜日）
洋洋クリニック,東京都千代田区富士見2-10-2 飯田橋グランブルームサクラテラス3階,東京都千代田区,139.743576,35.698811,,03-6272-3318,午前10時～午後4時（月曜日～金曜日）
やじまクリニック,東京都千代田区飯田橋1-8-9-201,東京都千代田区,139.748245,35.699432,,03-3261-7853,午前9時30分～12時30分/午後2時30分～6時（月曜日・火曜日・木曜日・金曜日） 午前9時30分～12時30分（土曜日）
ケイアイ飯田橋クリニック,東京都千代田区飯田橋3-10-10 ガーデンエアタワー2階,東京都千代田区,139.749847,35.700691,,03-3239-2777,午前9時～午後1時/午後2時30分～6時（月曜日～金曜日）
飯田橋小池クリニック,東京都千代田区飯田橋4-4-7,東京都千代田区,139.746643,35.700344,,03-3221-8858,12時～午後1時（火曜日・水曜日・金曜日）
飯田橋クリニック,東京都千代田区飯田橋4-6-9 STビル2階,東京都千代田区,139.746902,35.700813,,03-3222-6461,12時～午後5時（月曜日～金曜日）
パレスクリニック,東京都千代田区一ツ橋1-1-1 パレスサイドビル1階,東京都千代田区,139.757507,35.690922,,03-3213-2855,午前9時～12時/午後2時～5時（月曜日・火曜日・木曜日・金曜日）
加賀医院,東京都千代田区神田神保町1-35,東京都千代田区,139.759354,35.694736,,03-3291-9951,午前9時～午後1時/午後4時～6時（月曜日～金曜日）
神保町消化器科・内科,東京都千代田区神田神保町2-9-1 神保町メディカルモール4階,東京都千代田区,139.755905,35.695366,,03-3515-3171,午前9時～午後7時（月曜日～金曜日） 午前9時～午後1時（土曜日）
丸山医院,東京都千代田区神田三崎町2-20-1 第二石川ビル,東京都千代田区,139.752945,35.701962,,03-3261-9679,午前10時～12時/午後4時～6時（月曜日～水曜日・金曜日） 午前10時～12時（土曜日）
水道橋メディカルクリニック,東京都千代田区西神田1-4-11-301,東京都千代田区,139.757126,35.69976,,03-3518-6127,午前9時～11時（月曜日～金曜日）
杏雲堂病院,東京都千代田区神田駿河台1-8,東京都千代田区,139.763245,35.698021,,03-3292-2058,午後1時30分～4時30分
駿河台診療所,東京都千代田区神田駿河台2-1-45 ニュー駿河台ビル5階,東京都千代田区,139.762421,35.699497,,03-3219-1121,午後2時～5時（月曜日～金曜日）
井上眼科病院,東京都千代田区神田駿河台4-3,東京都千代田区,139.765167,35.698803,,03-3295-0911,午前8時30分～午後4時30分（月曜日～土曜日）
遠藤クリニック,東京都千代田区神田錦町1-8,東京都千代田区,139.764725,35.693359,,03-3295-1013,午前10時以降（月曜日・水曜日・金曜日・土曜日） 午後3時～5時（火曜日）第1土曜日は休診
千代田診療所,東京都千代田区神田錦町1-9,東京都千代田区,139.764404,35.691795,,03-3291-1071,午後3時～5時（月曜日～金曜日）
竹橋クリニック,東京都千代田区神田錦町3-17 北の丸ビル1階,東京都千代田区,139.760361,35.691833,,03-3295-5525,午前9時30分～12時/午後1時～4時（火曜日・木曜日・金曜日） 午後3時30分～7時（水曜日）
山中内科・リウマチ科クリニック,東京都千代田区神田小川町三丁目6番地9 神田第2アメレックスビル8階,東京都千代田区,139.762177,35.695404,,03-5280-1371,午前9時～12時/午後2時～5時15分（月曜日～木曜日） 午前9時～12時（土曜日）
神田クリニック,東京都千代田区内神田2-4-1,東京都千代田区,139.768356,35.690029,,03-3252-0621,午前9時30分～12時30分/午後2時～5時（月曜日～金曜日） 午前9時30分～12時30分（第1・第3土曜日）
神田診療所,東京都千代田区内神田2-8-14,東京都千代田区,139.768387,35.690735,,03-3256-0086,午後3時～5時（月曜日～金曜日）
あいクリニック神田,東京都千代田区内神田3-14-8 ニシザワビル5階,東京都千代田区,139.769943,35.691738,,070-7590-4366,午前9時～11時（月曜日～金曜日）
奥田医院,東京都千代田区神田多町2-9,東京都千代田区,139.768631,35.693966,,03-3254-0701,午前9時～12時30分/午後2時～5時（月曜日～金曜日）
大塩医院,東京都千代田区神田淡路町2-6-2,東京都千代田区,139.768066,35.696877,,03-3251-6878,午前9時～12時/午後2時～5時（月曜日・火曜日・木曜日・金曜日） 午前9時～12時（水曜日・第1・第3・第5土曜日）
林医院,東京都千代田区外神田3-7-1,東京都千代田区,139.770309,35.702263,,03-3253-7436,午後3時30分～5時（月曜日～金曜日）
クリニカ神田,東京都千代田区鍛冶町1-8-1 SRビル2階,東京都千代田区,139.772797,35.690968,,050-3578-4159,午後3時30分～5時30分（月曜日～水曜日・金曜日）
二宮内科クリニック,東京都千代田区鍛冶町1-9-1 第2大久保ビル3階,東京都千代田区,139.772934,35.690662,,03-3254-5007,午前9時30分～午後4時（月曜日・水曜日・金曜日） 午前9時30分～12時30分（火曜日・木曜日）
神田医院,東京都千代田区鍛冶町1?8?6 神田KSビル二階,東京都千代田区,139.771545,35.690197,,03-3252-8896,午前10時30分?12時30分/午後2時30分～4時30分（月曜日～金曜日）木曜日午後休診
神田駅東口クリニック,東京都千代田区鍛冶町2-8-6 メディカルプライム神田2階,東京都千代田区,139.772186,35.692413,,03-6271-7916,午前10時～12時/午後3時～6時（月曜日～水曜日・金曜日） 午前10時～12時（木曜日・土曜日）
瀬木診療所,東京都千代田区岩本町1-7-1,東京都千代田区,139.778091,35.692192,,03-3866-7313,午前11時～12時/午後2時～3時（月曜日・火曜日・木曜日・金曜日）
秋元医院,東京都千代田区神田東松下町19,東京都千代田区,139.774185,35.694294,,03-5297-5888,午前9時～12時45分/午後3時～6時45分（月曜日～水曜日・金曜日） 午前9時～12時45分（土曜日）
秋葉原あつたアレルギー呼吸器内科クリニック,東京都千代田区神田岩本町1-5 清水ビル6階,東京都千代田区,139.774963,35.69606,,https://www.yoyakuru.net/rs/atsuta-clinic/web/,午前10時～午後1時/午後3時～6時（月曜日・火曜日・木曜日・金曜日） 午前10時～午後1時（水曜日・土曜日）
鈴森内科クリニック,東京都千代田区神田岩本町1 岩本町ビル4階,東京都千代田区,139.774963,35.69606,,03-6260-8865,午後3時30分～4時30分（月曜日～金曜日）
秋葉原DEM内科クリニック,東京都千代田区神田佐久間町3-28 星野ビル2階,東京都千代田区,139.778412,35.698578,,03-5846-9876,午前10時～午後4時（月曜日・火曜日・水曜日・金曜日） 午前10時～12時30分（木曜日）
明和病院,東京都千代田区神田須田町1-18,東京都千代田区,139.771088,35.695591,,03-3251-4111,午前9時～午後5時（月曜日～金曜日） 午前9時～12時（土曜日）
まがり医院,東京都新宿区荒木町6―34,東京都新宿区,139.722961,35.689491,かかりつけ,（5362）5531,
あけぼの診療所,東京都新宿区片町2―3 菱和ビル4階,東京都新宿区,139.725037,35.692116,かかりつけ,,
四谷内科,東京都新宿区左門町20 四谷メディカルビル2階,東京都新宿区,139.720596,35.68531,一般,,
須田医院,東京都新宿区須賀町1,東京都新宿区,139.72226,35.687016,かかりつけ,,
やおいた整形外科,東京都新宿区住吉町2―14 四谷曙橋ビル4階,東京都新宿区,139.721176,35.692066,かかりつけ,,
林外科病院,東京都新宿区大京町27―1 ハヤシビル,東京都新宿区,139.716171,35.681942,一般,,
四谷・血管クリニック,東京都新宿区四谷1―8―14 四谷一丁目ビル2階,東京都新宿区,139.728806,35.685905,一般,,
佐藤内科小児科医院,東京都新宿区四谷1―15 1階,東京都新宿区,139.728806,35.685905,一般,,
ケイアイクリニック,東京都新宿区四谷1―20―23 ケイアイメディカルビル,東京都新宿区,139.728806,35.685905,一般,,
高村医院,東京都新宿区四谷3―10,東京都新宿区,139.720749,35.688019,かかりつけ,(3351)3610,
田中内科医院,東京都新宿区四谷三栄町9,東京都新宿区,139.725662,35.687771,かかりつけ,080（2130）0548,
四谷・長島クリニック,東京都新宿区若葉1ー4ー7,東京都新宿区,139.723953,35.686718,一般,(5368)1686,
歌舞伎町ひかりクリニック,東京都新宿区歌舞伎町2―46―8 新宿日章ビル9階,東京都新宿区,139.703827,35.696556,一般,,
ヒロオカクリニック,東京都新宿区新宿2―5―12 ＦＯＲＥＣＡＳＴ新宿ＡＶＥＮＵＥ3階,東京都新宿区,139.708389,35.690063,一般,,
新宿サンクリニック,東京都新宿区新宿2―11―2 カーサヴェルデ301号,東京都新宿区,139.708389,35.690063,かかりつけ,,
ミラザ新宿つるかめクリニック,東京都新宿区新宿3―36―10 ミラザ新宿7階,東京都新宿区,139.703568,35.691227,一般,,
新宿金沢内科クリニック,東京都新宿区新宿3―37ー11 安与ビル3階,東京都新宿区,139.703568,35.691227,かかりつけ,,
ナビタスクリニック新宿,東京都新宿区新宿4－1－6　ニュウマン7階,東京都新宿区,139.70256,35.688889,一般,（5361）8383,
Kclinic,東京都新宿区新宿5―6―2 神谷ビル402,東京都新宿区,139.70787,35.693169,一般,（3226）4024,
新宿イーストサイドたけうち内科,東京都新宿区新宿6―27―30 新宿イーストサイドスクエア地下1階,東京都新宿区,139.709793,35.695366,一般,,
フジモト新宿クリニック,東京都新宿区富久町13―1 ローレルコート新宿タワー2階,東京都新宿区,139.714767,35.692028,かかりつけ,,
伊藤医院,東京都新宿区富久町28―5,東京都新宿区,139.714828,35.694099,一般,（3341）6035,
新宿ホームクリニック,東京都新宿区内藤町1 ガーデンクロス新宿御苑1階,東京都新宿区,139.715195,35.68504,一般,,
抜弁天クリニック,東京都新宿区余丁町8―7 抜弁天ビル1階,東京都新宿区,139.713257,35.697594,かかりつけ,,
えとう内科クリニック,東京都新宿区余丁町11―19 ,東京都新宿区,139.715439,35.697189,かかりつけ,,
執行クリニック,東京都新宿区赤城下町62 アネックス62　1階,東京都新宿区,139.7341,35.70583,一般,,
本多内科クリニック,東京都新宿区市谷加賀町2―3―15,東京都新宿区,139.728607,35.696823,一般,（6265）0677,
市谷アレルギー・リウマチクリニック,東京都新宿区市谷田町1―1 ＡＴビル10階,東京都新宿区,139.736313,35.692921,一般,,
日本家族計画協会市谷クリニック,東京都新宿区市谷田町1―10 保健会館新館2階,東京都新宿区,139.736313,35.692921,一般,,
おかべふじこ内科・循環器クリニック,東京都新宿区市谷田町1―19 ＥＳＣ第19ビル3階,東京都新宿区,139.736313,35.692921,一般,,
市ヶ谷ひもろぎクリニック,東京都新宿区市谷田町2―31―3 市ヶ谷ＡＳＵＫＡＲＡビル,東京都新宿区,139.737473,35.694702,一般,,
曙橋よつばファミリークリニック,東京都新宿区市谷仲之町3－45 市ヶ谷仲之町ヒルズクレスト101,東京都新宿区,139.721756,35.69503,一般,,
柳町病院,東京都新宿区市谷柳町25,東京都新宿区,139.72673,35.699116,一般,（3268）3521,
倉澤クリニック,東京都新宿区神楽坂3―5 神楽坂センタービル6階,東京都新宿区,139.740524,35.701454,一般,,
菊池医院,東京都新宿区神楽坂6―25 塩谷ビル1階,東京都新宿区,139.737,35.703037,一般,,
神楽坂内科・脳神経内科クリニック,東京都新宿区神楽坂6―42,東京都新宿区,139.737,35.703037,一般,（6280）7582,
やまだ内科クリニック,東京都新宿区北町23,東京都新宿区,139.734909,35.699978,一般,（5206）8853,
あいクリニック,東京都新宿区下宮比町3―2 飯田橋スクエアビル2階,東京都新宿区,139.742966,35.703129,一般,,
黒坂医院,東京都新宿区白銀町25,東京都新宿区,139.738174,35.703133,一般,（3260）3590,
新小川町クリニック,東京都新宿区新小川町6―40 入交ビル3階,東京都新宿区,139.742157,35.707233,一般,,
あべメディカルクリニック,東京都新宿区水道町4―29 宝ビル1階,東京都新宿区,139.73645,35.708263,一般,,
神楽坂泌尿器科クリニック,東京都新宿区中里町13,東京都新宿区,139.732315,35.705879,一般,(3267）6638,
牛込台さこむら内科,東京都新宿区中町23,東京都新宿区,139.735504,35.699284,かかりつけ,,
牛込パーククリニック,東京都新宿区原町1―18 1階,東京都新宿区,139.725525,35.700394,一般,,
夏目坂皮フ科クリニック,東京都新宿区原町3―37 アイランドビル1階,東京都新宿区,139.722748,35.699772,一般,,
内科すずきクリニック,東京都新宿区山吹町295 杉山ビル1階,東京都新宿区,139.731766,35.70739,一般,,
春日メディカルクリニック,東京都新宿区山吹町334 セブンファイブビル1階・2階,東京都新宿区,139.729568,35.707603,一般,,
なかやまクリニック,東京都新宿区山吹町335 安井ビル2階,東京都新宿区,139.72905,35.707592,一般,,
江戸川橋鈴木クリニック,東京都新宿区山吹町348 DSDビル3階・4階,東京都新宿区,139.730591,35.708519,一般,,
神楽坂岡田診療所,東京都新宿区矢来町28 1階,東京都新宿区,139.730453,35.704086,かかりつけ,,
内野醫院,東京都新宿区横寺町8,東京都新宿区,139.735153,35.702415,かかりつけ,（3235）3270,
小田クリニック,東京都新宿区大久保1―11―3 大東ビル2階,東京都新宿区,139.704956,35.699642,一般,,
堀内クリニック,東京都新宿区大久保2―1―1 サントーク大久保2階,東京都新宿区,139.705704,35.702675,一般,,
西大久保クリニック,東京都新宿区大久保2―3―5 1階,東京都新宿区,139.705704,35.702675,かかりつけ,,
おおくぼ戸山診療所,東京都新宿区大久保2―8―2,東京都新宿区,139.705704,35.702675,かかりつけ,,
新宿ヒロクリニック,東京都新宿区大久保2―11―15 大林ビル1階・2階,東京都新宿区,139.705704,35.702675,かかりつけ,,
コンフォガーデンクリニック,東京都新宿区河田町3―2,東京都新宿区,139.72084,35.695869,一般,(3357)2001,
若松河田クリニック,東京都新宿区河田町10―7 グリーンヒルズ河田町201,東京都新宿区,139.717941,35.698177,一般,,
助川クリニック,東京都新宿区高田馬場1―5―10,東京都新宿区,139.706421,35.710979,一般,（3209）3333,
植松医院,東京都新宿区高田馬場1―32―14 ＵＫビル2階,東京都新宿区,139.706421,35.710979,かかりつけ,,
高戸橋クリニック,東京都新宿区高田馬場2―5―24 メゾンドール高田馬場1階,東京都新宿区,139.707504,35.712982,一般,,
須田クリニック,東京都新宿区高田馬場2―8―14,東京都新宿区,139.707504,35.712982,かかりつけ,,
耳鼻咽喉科ヒロ医院,東京都新宿区高田馬場3―2―5　ANビル7階 ,東京都新宿区,139.697205,35.713474,一般,,
牛込外科胃腸科,東京都新宿区高田馬場4―10―12,東京都新宿区,139.699188,35.710766,一般,（3361）0301,
牛山医院,東京都新宿区高田馬場4―11―5,東京都新宿区,139.699188,35.710766,かかりつけ,,
須田外科クリニック,東京都新宿区高田馬場4―22―7 （3362）5753,東京都新宿区,139.699188,35.710766,一般,（3362）5753,
鈴木医院,東京都新宿区戸山3―10―6 ,東京都新宿区,139.712524,35.706287,かかりつけ,,
本庄医院,東京都新宿区西早稲田1―21―2―201 （3203）3959,東京都新宿区,139.719025,35.70982,一般,（3203）3959,
磯貝クリニック,東京都新宿区西早稲田2―4―8 （3232）1776,東京都新宿区,139.713043,35.708897,一般,（3232）1776,
西早稲田クリニック,東京都新宿区西早稲田2―21―16 圓生楼高田馬場ビル2階,東京都新宿区,139.713043,35.708897,一般,,
西北診療所,東京都新宿区西早稲田3―12―4 サンハイツ早稲田ビル1階,東京都新宿区,139.713791,35.712086,一般,,
早稲田診療所,東京都新宿区西早稲田3―17―23 サンファミール西早稲田2階,東京都新宿区,139.713791,35.712086,かかりつけ,,
早稲田クリニック,東京都新宿区馬場下町10 早稲田レストハイツ2階,東京都新宿区,139.719177,35.706055,かかりつけ,,
宮田胃腸内科皮膚科クリニック,東京都新宿区百人町1―11―2 2階,東京都新宿区,139.699234,35.699921,一般,,
長峰整形外科,東京都新宿区百人町1―11―3 NSロイヤル大久保1階,東京都新宿区,139.699234,35.699921,かかりつけ,,
春山記念病院,東京都新宿区百人町1―24―5,東京都新宿区,139.699234,35.699921,一般,（5337）7335,
Tokyo Kirei Clinic,東京都新宿区百人町2-15-9　坂田ハイツ101,東京都新宿区,139.698685,35.702396,一般,（6908）5329,
新大久保クリニック,東京都新宿区百人町2―20ー21 1階,東京都新宿区,139.69873,35.702991,かかりつけ,,
西戸山クリニック,東京都新宿区百人町3―7―8 原ビル2階,東京都新宿区,139.697739,35.706009,かかりつけ,,
百人町診療所,東京都新宿区百人町3―14―7,東京都新宿区,139.697739,35.706009,かかりつけ,,
寺尾クリニカ,東京都新宿区百人町3―28―5 グランドヒルズA,東京都新宿区,139.697739,35.706009,一般,,
若松河田耳鼻咽喉科クリニック,東京都新宿区若松町31―4 エスタンシア2階,東京都新宿区,139.71991,35.700012,一般,,
耳鼻いんこう科,東京都新宿区山西クリニック 早稲田鶴巻町518,東京都新宿区,139.729797,35.707939,一般,,
岡崎医院,東京都新宿区早稲田鶴巻町519 1階・2階,東京都新宿区,139.723557,35.707844,かかりつけ,,
村橋医院,東京都新宿区早稲田町73,東京都新宿区,139.721664,35.706661,かかりつけ,,
上落合真クリニック,東京都新宿区上落合1―5ー4 幸楽亭ビル1階・2階,東京都新宿区,139.692429,35.713486,かかりつけ,,
木島内科クリニック,東京都新宿区上落合1―21―14,東京都新宿区,139.692429,35.713486,かかりつけ,（3364）6321,
落合ファミリークリニック,東京都新宿区上落合2―11―16,東京都新宿区,139.68811,35.713505,一般,,
伊藤メディカルクリニック,東京都新宿区上落合2―25―3 伊藤ビル1階,東京都新宿区,139.68811,35.713505,一般,,
落合駅前クリニック,東京都新宿区上落合3―10―3 加藤ビル1階,東京都新宿区,139.683716,35.712521,一般,,
宗像クリニック,東京都新宿区下落合1―6―1 宮村ビル3階,東京都新宿区,139.699585,35.71574,一般,,
目白ブライトクリニック,東京都新宿区下落合3―21―3 Mコート目白1階,東京都新宿区,139.701736,35.721176,一般,,
ほそかわ内科クリニック,東京都新宿区中井2―20―7,東京都新宿区,139.683823,35.716427,かかりつけ,（3952）4181,
オリエンタル診療所,東京都新宿区西落合2―20―1 哲学堂公園ハイツ1―1,東京都新宿区,139.676392,35.720913,かかりつけ,,
そはら医院,東京都新宿区西落合3ー1ー22 1階・2階,東京都新宿区,139.68306,35.722851,かかりつけ,,
柏木医科クリニック,東京都新宿区北新宿1―13―19 弘林ビル3階,東京都新宿区,139.693878,35.699486,一般,,
くれクリニック,東京都新宿区北新宿2―21―1 新宿フロントタワー3階,東京都新宿区,139.689636,35.698586,一般,,
竹田クリニック,東京都新宿区北新宿3―1―21 みどりビル3階,東京都新宿区,139.690979,35.703854,一般,,
桑原医院,東京都新宿区北新宿3―12―26,東京都新宿区,139.690979,35.703854,かかりつけ,,
髙橋医院,東京都新宿区北新宿3―21―8,東京都新宿区,139.690979,35.703854,一般,（3371）8064,
松本皮膚科,東京都新宿区北新宿4―33―5,東京都新宿区,139.691299,35.706768,かかりつけ,（3360）3306,
西新宿メンタルクリニック,東京都新宿区西新宿1―5―12 ニュ―セントラルビル3階,東京都新宿区,139.697495,35.690384,一般,,
三越診療所,東京都新宿区西新宿1―24―1 エステック情報ビル5階,東京都新宿区,139.697495,35.690384,一般,,
新宿三井ビルクリニック,東京都新宿区西新宿2―1―1 新宿三井ビル4階,東京都新宿区,139.691772,35.689449,かかりつけ,,
プラザ30階クリニック,東京都新宿区西新宿2―2―1 京王プラザホテル本館30階,東京都新宿区,139.691772,35.689449,一般,,
ＫＤＤＩビルクリニック,東京都新宿区西新宿2―3―2 ＫＤＤＩ新宿ビル1階,東京都新宿区,139.691772,35.689449,かかりつけ,,
新宿ＮＳビルクリニック,東京都新宿区西新宿2―4―1 新宿ＮＳビル4階,東京都新宿区,139.691772,35.689449,一般,,
かおり内科クリニック,東京都新宿区西新宿3―7―1 新宿パークタワー地下1階,東京都新宿区,139.689178,35.684528,一般,,
オペラシティクリニック,東京都新宿区西新宿3―20―2 東京オペラシティ,東京都新宿区,139.689178,35.684528,一般,,
駒ケ嶺医院,東京都新宿区西新宿4―4―6,東京都新宿区,139.687622,35.687538,一般,（3378）3875,
根本医院,東京都新宿区西新宿4―10―15,東京都新宿区,139.687622,35.687538,一般,（3377）6513,
新都心十二社クリニック,東京都新宿区西新宿5―5―1―203 ザ・パークハウス西新宿タワー60,東京都新宿区,139.685562,35.692886,かかりつけ,,
新宿睡眠・呼吸器内科クリニック,東京都新宿区西新宿6―5―1 新宿アイランドタワー12階,東京都新宿区,139.690964,35.693424,一般,,
先進会眼科,東京都新宿区東京 西新宿6―5―1,東京都新宿区,139.739304,35.706615,一般,,
新宿グリーンタワー内科クリニック,東京都新宿区西新宿6―14―1 新宿グリーンタワービル2階,東京都新宿区,139.690964,35.693424,一般,,
西新宿小林クリニック,東京都新宿区西新宿6―20―12 第2山口ビル4階,東京都新宿区,139.690964,35.693424,一般,,
いしい内科・外科クリニック,東京都新宿区西新宿7―1―10 守矢ビル5階,東京都新宿区,139.697235,35.69558,かかりつけ,,
谷中クリニック,東京都台東区谷中3丁目13番10号,東京都台東区,139.76503,35.728123,かかりつけ,03-3823-1261,
どうかん山こどもクリニック,東京都台東区谷中3丁目23番10号,東京都台東区,139.763687,35.730476,かかりつけ,03-3828-4150,
藤本クリニック,東京都台東区上野桜木1丁目10番22号,東京都台東区,139.770264,35.720612,かかりつけ,03-5685-2151,
土田病院,東京都台東区上野桜木1丁目12番12号,東京都台東区,139.772476,35.721458,かかりつけ,03-3822-2201,
清水医院,東京都台東区根岸4丁目14番20号,東京都台東区,139.783707,35.725853,かかりつけ,03-3872-3230,
浦尾医院,東京都台東区根岸5丁目17番6号,東京都台東区,139.789963,35.728539,かかりつけ,03-3875-0242,
三倉クリニック,東京都台東区上野1丁目16番16号 第2三倉ビル1F,東京都台東区,139.771027,35.706902,かかりつけ,03-5807-8171,
吉野眼科クリニック,東京都台東区上野1丁目20番10号 風月堂本店ビル6F　,東京都台東区,139.772675,35.707619,かかりつけ,03-3839-5092,
上野医院,東京都台東区上野2丁目11番10号 小島ビル4F,東京都台東区,139.770599,35.709198,かかりつけ,03-3832-0076,
大同クリニック,東京都台東区上野3丁目12番5号,東京都台東区,139.773544,35.705498,かかりつけ,03-3831-1888,
あさひ上野クリニック,東京都台東区上野3丁目16番4号 文行堂ビル2F,東京都台東区,139.772232,35.70546,かかりつけ,03-5818-7070,
御徒町腎クリニック,東京都台東区上野5丁目8番5号 フロンティア秋葉原2F,東京都台東区,139.774673,35.704018,かかりつけ,03-5812-2861,
上野御徒町内科クリニック,東京都台東区上野6丁目2番14号 喜久屋ビル7F,東京都台東区,139.775543,35.707897,かかりつけ,03-6284-4007,
山本メディカルクリニック（旧　内藤医院）,東京都台東区上野6丁目8番7号　内藤ビル2F,東京都台東区,139.775681,35.709553,かかりつけ,03-3836-3878,
東京泌尿器科クリニック上野,東京都台東区上野7丁目7番7号 早稲田ビルヂング4F,東京都台東区,139.77829,35.713802,かかりつけ,03-5830-6896,
しもじま内科クリニック,東京都台東区竜泉2丁目19番18号 中川ビル2F,東京都台東区,139.790497,35.727188,かかりつけ,03-6458-1312,
竜泉協立診療所,東京都台東区竜泉3丁目1番2号,東京都台東区,139.795349,35.726398,かかりつけ,03-3873-4373,
田村胃腸科外科,東京都台東区竜泉3丁目42番11号,東京都台東区,139.791809,35.726185,かかりつけ,03-3874-9981,
道川内科クリニック,東京都台東区入谷2丁目24番11号,東京都台東区,139.787491,35.720905,かかりつけ,03-3873-1271,
上野なかのクリニック,東京都台東区北上野1丁目9番13号 高松ビル1F,東京都台東区,139.782684,35.716949,かかりつけ,03-5828-3007,
サンライズクリニック,東京都台東区東上野1丁目7番2号 冨田ビル2F,東京都台東区,139.77977,35.707676,かかりつけ,03-3836-3321,
ゆうレディースクリニック,東京都台東区東上野3丁目30番8号,東京都台東区,139.781677,35.71059,かかりつけ,03-5817-8626,
善平医院,東京都台東区東上野6丁目2番13号,東京都台東区,139.783478,35.711491,かかりつけ,03-3843-7055,
くろす内科クリニック,東京都台東区清川2丁目8番11号,東京都台東区,139.803467,35.726673,かかりつけ,03-3872-0298,
橋場診療所,東京都台東区橋場2丁目2番5号,東京都台東区,139.807373,35.726173,かかりつけ,03-3875-8480,
おのだ医院,東京都台東区今戸1丁目3番13号 さくらコーポ201,東京都台東区,139.804672,35.718948,かかりつけ,03-3876-3818,
梅澤医院,東京都台東区千束2丁目20番2号,東京都台東区,139.789566,35.720779,かかりつけ,03-3872-8230,
浅草二天門クリニック,東京都台東区浅草2丁目34番7号 グレイプス浅草2F,東京都台東区,139.79805,35.71463,かかりつけ,03-5830-0121,
浅草のもとクリニック,東京都台東区浅草3丁目7番7号-101,東京都台東区,139.795609,35.71674,かかりつけ,03-5603-8808,
浅草クリニック,東京都台東区浅草4丁目11番6号,東京都台東区,139.7966,35.718204,かかりつけ,03-3876-3200,
井上整形外科,東京都台東区浅草4丁目41番6号,東京都台東区,139.79657,35.71928,かかりつけ,03-3874-9521,
腰野医院,東京都台東区浅草5丁目2番13号,東京都台東区,139.79892,35.719223,かかりつけ,03-3873-0726,
佐々木医院,東京都台東区浅草5丁目33番12号,東京都台東区,139.7957,35.721561,かかりつけ,03-3872-6776,
あおぞら浅草クリニック,東京都台東区浅草6丁目9番2号 コレクションホースロードﾞ2F,東京都台東区,139.799423,35.715851,かかりつけ,03-6802-4970,
浅草駅前予防医療内科,東京都台東区花川戸1丁目10番14号,東京都台東区,139.799072,35.712635,かかりつけ,03-5246-3876,
浅草ハートクリニック,東京都台東区花川戸1丁目13番15号 1F,東京都台東区,139.799957,35.713459,かかりつけ,03-6231-7581,
柳澤総合内科医院・浅草,東京都台東区花川戸1丁目14番18号,東京都台東区,139.799057,35.713531,かかりつけ,03-3844-0668,
中村医院,東京都台東区雷門1丁目13番13号,東京都台東区,139.794205,35.71069,かかりつけ,03-5806-2677,
関戸クリニック,東京都台東区西浅草2丁目14番3号,東京都台東区,139.791824,35.713017,かかりつけ,03-3844-8666,
渡辺医院,東京都台東区西浅草2丁目20番1号,東京都台東区,139.789001,35.713501,かかりつけ,03-3841-6502,
山田英明下町クリニック,東京都台東区西浅草3丁目16番6号　岩岡ビル1F,東京都台東区,139.792236,35.714733,かかりつけ,03-5806-3077,
柴田小児科医院,東京都台東区松が谷3丁目16番4号,東京都台東区,139.788132,35.715939,かかりつけ,03-3841-2291,
服部医院,東京都台東区元浅草3丁目4番7号,東京都台東区,139.785934,35.706848,かかりつけ,03-3842-1851,
野中医院,東京都台東区寿1丁目10番20号,東京都台東区,139.789139,35.706848,かかりつけ,03-3844-0527,
あさくさ田原町内科クリニック,東京都台東区寿2丁目10番11号 MS田原町ビル2F,東京都台東区,139.790848,35.709438,かかりつけ,03-3841-1181,
滝口外科胃腸科整形外科,東京都台東区寿3丁目2番7号,東京都台東区,139.792755,35.705994,かかりつけ,03-3844-2276,
蔵前内科クリニック,東京都台東区蔵前1丁目8番6号 リバーサイドタワー蔵前2F,東京都台東区,139.7892,35.701286,かかりつけ,03-3864-8998,
菊嶋クリニック,東京都台東区蔵前3丁目13番13号 NRビル3F,東京都台東区,139.792297,35.704647,かかりつけ,03-3851-3281,
永寿総合病院柳橋分院,東京都台東区柳橋2丁目20番4号,東京都台東区,139.789886,35.699055,かかりつけ,03-3851-9375,
あさくさ橋心臓と血管のクリニック,東京都台東区浅草橋1丁目18番9号 山上ビル2F,東京都台東区,139.786133,35.697609,かかりつけ,03-6240-9286,
堀内科クリニック,東京都台東区浅草橋1丁目24番3号 杉木立ビル3階,東京都台東区,139.783173,35.69772,かかりつけ,03-3861-8937,
小川こどもクリニック,東京都台東区浅草橋1丁目25番5号 小川ハイム201,東京都台東区,139.783096,35.698292,かかりつけ,03-3861-2429,
医の森クリニック浅草橋,東京都台東区浅草橋1丁目30番9号 ﾋｭｰﾘｯｸ浅草橋江戸通4階,東京都台東区,139.786499,35.698166,かかりつけ,03-5809-3022,
浅草橋総合内科,東京都台東区浅草橋1丁目34番10号 稲垣ビル1F,東京都台東区,139.784424,35.698624,かかりつけ,03-5822-5230,
おがさわらクリニック 内科 循環器科,東京都台東区浅草橋1丁目35番6号 小笠原ビル2F・3F,東京都台東区,139.783859,35.698566,かかりつけ,03-3865-2737,
西クリニック,東京都台東区浅草橋5丁目5番10号,東京都台東区,139.78093,35.699841,かかりつけ,03-3851-5959,
清澄白河ファミリークリニック,東京都江東区白河3-4-3-205 ,東京都江東区,139.806,35.682213,,,土日祝いずれか実施
望月内科クリニック,東京都江東区高橋13-2ヴィラロイヤル森下1階 ,東京都江東区,139.798752,35.68576,,,土日祝いずれか実施
あおばクリニック,東京都江東区森下2-20-12フォーレドサンテ2階 ,東京都江東区,139.799713,35.688366,,,土日祝いずれか実施
渡辺こどもクリニック,東京都江東区森下2-20-12フォーレドサンテ201 ,東京都江東区,139.799713,35.688366,,,
もりした耳鼻咽喉科,東京都江東区森下2-28-3森下TMマンション1階 ,東京都江東区,139.799255,35.68943,,,
森下駅前クリニック,東京都江東区森下1-16-7太田ビル1階 ,東京都江東区,139.797104,35.688259,,,
魚住整形外科,東京都江東区永代2-34-10 ,東京都江東区,139.793121,35.674465,,,
永代クリニック,東京都江東区永代2-37-22 ,東京都江東区,139.792068,35.674908,,,
M'sクリニックもんなか,東京都江東区富岡2-2-6プロスペアー門前仲町202 ,東京都江東区,139.801041,35.670681,,,
おかの小児科,東京都江東区古石場2-14-1ウェルタワー深川202 ,東京都江東区,139.800003,35.66687,,,
門前仲町内科クリニック,東京都江東区門前仲町1-6-11トレディパーチェ3階 ,東京都江東区,139.79364,35.673187,,,
サンフィールドクリニック,東京都江東区青海2-4-32タイム24ビル1階南棟 ,東京都江東区,139.777084,35.617447,,,
テレコムセンタービルクリニック,東京都江東区青海2-5-10 W0302 ,東京都江東区,139.780212,35.61681,,,
のずえ小児科,東京都江東区東雲1-9-11-102 ,東京都江東区,139.802368,35.646549,,,土日祝いずれか実施
かしわぎクリニック,東京都江東区東雲1-9-21東雲キャナルコートCODAN 6街区102 ,東京都江東区,139.802368,35.646549,,,
豊洲ベイシティクリニック,東京都江東区豊洲2-2-1アーバンドックららぽーと豊洲4階 ,東京都江東区,139.794754,35.654503,,,土日祝いずれか実施
けいこ豊洲こどもクリニック,東京都江東区豊洲2-5-3パークシティ豊洲コートC棟1階 ,東京都江東区,139.791534,35.65802,,,土日祝いずれか実施
豊洲寺沢クリニック,東京都江東区豊洲2-5-3パークシティ豊洲コートC棟1階 ,東京都江東区,139.791534,35.65802,,,土日祝いずれか実施
神津クリニック,東京都江東区豊洲3-2-3豊洲キュービックガーデン1階 ,東京都江東区,139.794861,35.657612,,,土日祝いずれか実施
大手町さくらクリニックin豊洲,東京都江東区豊洲3-2-20豊洲フロント2階 ,東京都江東区,139.794861,35.657612,,,
とよす内科クリニック,東京都江東区豊洲4-2-2豊南堂ビル2階 ,東京都江東区,139.797836,35.655098,,,土日祝いずれか実施
豊洲医院,東京都江東区豊洲4-7-1 ,東京都江東区,139.798615,35.655651,,,
豊洲はるそらファミリークリニック,東京都江東区豊洲4-10-18プライヴブルー東京1階 ,東京都江東区,139.801849,35.653416,,,土日祝いずれか実施
豊洲小児科醫院,東京都江東区豊洲5-6-29パークホームズ豊洲ザレジデンス1階 ,東京都江東区,139.797791,35.650742,,,土日祝いずれか実施
オビ内科クリニック,東京都江東区潮見2-1-10,東京都江東区,139.815567,35.659882,,,
正井診療所,東京都江東区海辺12-11 ,東京都江東区,139.817932,35.681049,,,土日祝いずれか実施
深川立川病院,東京都江東区扇橋2-2-3 ,東京都江東区,139.814789,35.682674,,,土日祝いずれか実施
小林内科クリニック,東京都江東区扇橋2-17-5 ,東京都江東区,139.816422,35.683994,,,土日祝いずれか実施
東陽町耳鼻咽喉科・アレルギー科,東京都江東区千石2-10-6 JU TOWER FRONT 千石1階 ,東京都江東区,139.817154,35.678368,,,
森井整形外科,東京都江東区千田13-13 ,東京都江東区,139.815262,35.682072,,,土日祝いずれか実施
あそか病院,東京都江東区住吉1-18-1 ,東京都江東区,139.812103,35.689991,,,
ツインタワーすみとしクリニック,東京都江東区住吉1-19-1ツインタワーすみとし住吉館204 ,東京都江東区,139.813004,35.690041,,,
本田医院,東京都江東区住吉2-11-1 ,東京都江東区,139.814072,35.689316,,,土日祝いずれか実施
千石はやし内科クリニック,東京都江東区千石2-10-6 ,東京都江東区,139.817154,35.678368,,,土日祝いずれか実施
深川ギャザリアクリニック,東京都江東区木場1-5-25深川ギャザリアタワーS棟3階 ,東京都江東区,139.803207,35.665501,,,
東峯婦人クリニック,東京都江東区木場5-3-10 ,東京都江東区,139.807907,35.669212,,,土日祝いずれか実施
木場病院,東京都江東区木場5-8-7 ,東京都江東区,139.807816,35.670425,,,
クリニック東陽町,東京都江東区東陽2-4-26飯田ビル2階 ,東京都江東区,139.818085,35.668705,,,
東陽町駅前クリニック,東京都江東区東陽3-27-17長谷川ビル3階 ,東京都江東区,139.815643,35.670174,,,土日祝いずれか実施
東陽パークサイドクリニック,東京都江東区東陽3-27-32玉河ビル4階 ,東京都江東区,139.815643,35.670174,,,土日祝いずれか実施
さくらハートクリニック,東京都江東区東陽4-5-15東陽町サンキビル3階 ,東京都江東区,139.818954,35.670322,,,土日祝いずれか実施
森崎医院,東京都江東区東陽4-10-2 AYG 1階 ,東京都江東区,139.816544,35.671459,,,
までのこうじクリニック,東京都江東区東陽3-27-32　玉河ビル2F,東京都江東区,139.815643,35.670174,,,
清湘会記念病院,東京都江東区亀戸2-17-24 ,東京都江東区,139.822815,35.697693,,,
亀戸内科クリニック,東京都江東区亀戸2-26-8風月堂ビル1階 ,東京都江東区,139.825012,35.698799,,,土日祝いずれか実施
わらび内科・ペインクリニック,東京都江東区亀戸3-2-13 ,東京都江東区,139.820343,35.701714,,,
天神通りクリニック,東京都江東区亀戸3-46-2キャッスルプラザ亀戸101 ,東京都江東区,139.822861,35.702045,,,
河野外科,東京都江東区亀戸4-17-8 ,東京都江東区,139.82692,35.701077,,,
亀戸駅前クリニック,東京都江東区亀戸5-1-6マークス亀戸101 ,東京都江東区,139.827072,35.697628,,,土日祝いずれか実施
亀戸佐藤のり子クリニック,東京都江東区亀戸5-2-1 EX亀戸8階 ,東京都江東区,139.825851,35.698608,,,土日祝いずれか実施
亀戸耳鼻咽喉科・アレルギー科,東京都江東区亀戸5-3-2サンタモニカ亀戸2階 ,東京都江東区,139.826324,35.698524,,,
しおかぜクリニック,東京都江東区亀戸6-2-3田辺ビル4階 ,東京都江東区,139.826126,35.694221,,,土日祝いずれか実施
五の橋レディスクリニック,東京都江東区亀戸6-26-5日土地亀戸ビル8階 ,東京都江東区,139.825989,35.696354,,,
亀戸水神森クリニック,東京都江東区亀戸6-57-20亀戸東口駅前ビル2階 ,東京都江東区,139.829102,35.696976,,,
豊島医院,東京都江東区亀戸8-8-8 ,東京都江東区,139.833511,35.699032,,,
東京城東病院,東京都江東区亀戸9-13-1 ,東京都江東区,139.845795,35.695156,,,
水谷皮フ科クリニック,東京都江東区大島1-1-5メディカルポートクローバー橋2階 ,東京都江東区,139.82196,35.685921,,,
みね内科・消化器科,東京都江東区大島1-1-5 VIP大島2階D ,東京都江東区,139.82196,35.685921,,,
西大島駅と亀戸駅の間のいわぶち内科と泌尿器科のクリニック,東京都江東区大島3-4-3タワーレジデンス西大島2階 ,東京都江東区,139.826523,35.692505,,,
藤川内科・呼吸器内科クリニック,東京都江東区大島4-6-21西大島ビューハイツ101 ,東京都江東区,139.827682,35.688576,,,
大島医院,東京都江東区大島4-8-14 ,東京都江東区,139.831406,35.689262,,,
大島耳鼻咽喉科・アレルギー科,東京都江東区大島5-10-10セントラルプラザ大島4階 ,東京都江東区,139.834137,35.689316,,,土日祝いずれか実施
びやじま内科医院・大島駅前,東京都江東区大島5-36-7白石ビル2階 ,東京都江東区,139.836288,35.688831,,,土日祝いずれか実施
永岡クリニック,東京都江東区大島5-51-10-101 ,東京都江東区,139.837875,35.687748,,,
ビーハッピークリニック,東京都江東区大島7-1-18 1階 ,東京都江東区,139.83847,35.690258,,,土日祝いずれか実施
あかねクリニック,東京都江東区大島7-38-15 ,東京都江東区,139.842239,35.691151,,,
東大島パークサイドクリニック,東京都江東区大島9-3-1-101 ,東京都江東区,139.845001,35.690163,,,
よし耳鼻咽喉科,東京都江東区大島9-3-16東大島メトロプラザ1階,東京都江東区,139.845001,35.690163,,,土日祝いずれか実施
笠井小児クリニック,東京都江東区大島9-5-1コアシティ東大島103 ,東京都江東区,139.844955,35.692371,,,
江東病院,東京都江東区大島6-8-5,東京都江東区,139.834457,35.690212,,,
こどもみらい大島クリニック,東京都江東区大島6-1-4-102,東京都江東区,139.832291,35.69347,,,土日祝いずれか実施
寿康会病院,東京都江東区北砂2-1-22 ,東京都江東区,139.826279,35.678017,,,
荒木医院,東京都江東区北砂2-14-17 ,東京都江東区,139.827087,35.682652,,,土日祝いずれか実施
アリオ北砂内科,東京都江東区北砂2-17-1アリオ北砂3階 ,東京都江東区,139.825562,35.682449,,,土日祝いずれか実施
亀高医院,東京都江東区北砂4-6-2 ,東京都江東区,139.828262,35.678101,,,
北原診療所,東京都江東区北砂5-16-1 ,東京都江東区,139.834946,35.681774,,,土日祝いずれか実施
たち内科小児科クリニック,東京都江東区北砂5-20-8 ,東京都江東区,139.832108,35.683788,,,土日祝いずれか実施
おおぞら太陽クリニック,東京都江東区北砂6-1-4 ,東京都江東区,139.835373,35.680328,,,土日祝いずれか実施
神原医院,東京都江東区北砂7-3-17 ,東京都江東区,139.834473,35.677895,,,
順天堂東京江東高齢者医療センター,東京都江東区新砂3-3-20 ,東京都江東区,139.831543,35.66774,,,
南砂町おだやかクリニック,東京都江東区新砂3-4-31南砂町ショッピングセンターSUNAMO 4階,東京都江東区,139.835602,35.664612,,,土日祝いずれか実施
みやたけクリニック,東京都江東区東砂4-23-6 ,東京都江東区,139.840408,35.680298,,,土日祝いずれか実施
南砂メディカルクリニック,東京都江東区南砂2-3-19 ,東京都江東区,139.823013,35.671898,,,
幸若整形外科クリニック,東京都江東区南砂2-32-5センタービレッジ南砂1階 ,東京都江東区,139.825226,35.675488,,,
東陽町南砂みやけ内科,東京都江東区南砂2-32-5センタービレッジ南砂2階 ,東京都江東区,139.825226,35.675488,,,土日祝いずれか実施
中澤医院,東京都江東区南砂7-4-4 ,東京都江東区,139.834244,35.670414,,,土日祝いずれか実施
藤﨑病院,東京都江東区南砂1-25-11,東京都江東区,139.826233,35.676521,,,
正木医院,東京都江東区北砂7-1-25,東京都江東区,139.834518,35.676647,,,土日祝いずれか実施
赤羽根医院,東京都江東区東砂2-11-27,東京都江東区,139.843781,35.682701,,,
寿康会診療所健診センタークリニック,東京都江東区南砂7-13-5,東京都江東区,139.837067,35.669468,,,
ふるたに医院,東京都江東区清澄3-4-11サイネックスビル2階,東京都江東区,139.79834,35.681625,, 3820-8207,
キヨス医院,東京都江東区常盤2-11-11,東京都江東区,139.79747,35.685505,, 3631-3585,
東龍堂鈴木医院,東京都江東区三好3-8-4,東京都江東区,139.803986,35.680927,, 3641-7767,土日祝いずれか実施
扇橋診療所,東京都江東区三好4-7-10サウスフラッツ102,東京都江東区,139.808517,35.680889,, 3630-1631,
野木村医院,東京都江東区森下4-9-12,東京都江東区,139.805496,35.685005,, 3634-6626,
中沢内科,東京都江東区森下4-11-5東和第2ビル2階,東京都江東区,139.806,35.686512,, 5600-3277,
深川クリニック,東京都江東区三好2-15-10,東京都江東区,139.802872,35.680393,, 3630-0003,
金櫻堂医院,東京都江東区富岡1-22-28,東京都江東区,139.799759,35.670547,, 3641-5434,土日祝いずれか実施
とみおか医院,東京都江東区富岡1-26-20 2階,東京都江東区,139.799576,35.669914,, 3642-7757,
ひろた医院,東京都江東区深川1-5-3 2階,東京都江東区,139.795227,35.676384,, 3641-6615,土日祝いずれか実施
深川耳鼻咽喉科,東京都江東区深川1-5-8深川ユニハイツ2階,東京都江東区,139.795227,35.676384,, 5621-3300,土日祝いずれか実施
深川安江クリニック,東京都江東区深川2-14-11,東京都江東区,139.798172,35.675453,, 3642-2507,
野崎クリニック,東京都江東区門前仲町2-11-8,東京都江東区,139.796661,35.673328,, 5621-5026,土日祝いずれか実施
大井医院,東京都江東区古石場1-13-19,東京都江東区,139.795868,35.668125,, 3820-0137,
より子マタニティ＆レディース門前仲町,東京都江東区門前仲町1-13-13 ,東京都江東区,139.795227,35.673496,, 3642-8888,
有明みんなクリニック有明ガーデン院,東京都江東区有明2-1-7有明ガーデン1階,東京都江東区,139.793549,35.638317,, 6457-1420,
ベビースマイルレディースクリニック有明,東京都江東区有明2-1-8有明ガーデン4階,東京都江東区,139.793549,35.638317,, 6372-6225,
橘クリニック,東京都江東区枝川1-6-20,東京都江東区,139.80365,35.657288,, 6659-7263,
たかすな内科・胃腸内科クリニック,東京都江東区東雲1-9-22東雲キャナルコート内,東京都江東区,139.802368,35.646549,, 3536-3003,土日祝いずれか実施
タムスファミリークリニック豊洲,東京都江東区豊洲2-2-1アーバンドックららぽーと豊洲3 4階,東京都江東区,139.794754,35.654503,, 3520-8813,土日祝いずれか実施
有明こどもクリニック豊洲院,東京都江東区豊洲5-5-25昭和大学豊洲寮1階,東京都江東区,139.796814,35.653336,, 6204-2733,土日祝いずれか実施
東京中央卸売市場診療所,東京都江東区豊洲6-6-1,東京都江東区,139.782837,35.642284,, 6633-0002,
くじらホスピタル,東京都江東区枝川3-8-25,東京都江東区,139.811493,35.658432,, 5634-1123,
竹内小児科医院,東京都江東区扇橋2-1-3 ET21ビル2階,東京都江東区,139.814255,35.682652,, 5606-0303,
城東クリニック,東京都江東区扇橋3-5-7リバーサイド奥村1階,東京都江東区,139.819611,35.682362,, 3699-1137,
青木医院,東京都江東区千石2-8-10 1階,東京都江東区,139.815826,35.679428,, 3644-5456,
鈴木クリニック,東京都江東区木場2-19-2 H・R・Hビル3階,東京都江東区,139.805374,35.669701,, 3820-5005,
こどもクリニックさとう,東京都江東区東陽2-4-29マルシンビル2階,東京都江東区,139.818085,35.668705,, 3645-2095,土日祝いずれか実施
木場小児科,東京都江東区東陽3-5-5ラウクティビルディング4階,東京都江東区,139.810333,35.669071,, 6666-2552,
永田医院,東京都江東区東陽3-18-4,東京都江東区,139.811218,35.669899,, 6659-7056,
石川クリニック,東京都江東区東陽5-25-14,東京都江東区,139.813583,35.671013,, 3647-9234,
東京イースト21クリニック,東京都江東区東陽6-3-2イーストタワー21 2階,東京都江東区,139.814835,35.674831,, 5632-3821,土日祝いずれか実施
服部医院,東京都江東区東陽3-1-7,東京都江東区,139.808838,35.668606,, 3644-4756,土日祝いずれか実施
タウンセンタークリニック,東京都江東区東陽2-3-16東陽サニーハイツ116 ,東京都江東区,139.818146,35.667629,, 3699-0656,
吉村内科,東京都江東区亀戸2-42-7,東京都江東区,139.823471,35.701385,, 3682-0209,
アクアメディカルクリニック,東京都江東区亀戸3-14-4,東京都江東区,139.819763,35.704277,, 3637-1851,
アトレ亀戸アイクリニック,東京都江東区亀戸5-1-1,東京都江東区,139.827072,35.697628,, 5858-8800,
亀戸中央通りクリニック,東京都江東区亀戸5-20-23-101,東京都江東区,139.827225,35.699619,, 5628-6531,土日祝いずれか実施
五の橋こどもクリニック,東京都江東区亀戸6-14-3,東京都江東区,139.82605,35.695251,, 5858-8011,
日健クリニック,東京都江東区亀戸6-56-15,東京都江東区,139.830643,35.697079,, 3638-3155,土日祝いずれか実施
ひらの亀戸ひまわり診療所,東京都江東区亀戸7-10-1 Zビル2階,東京都江東区,139.834442,35.697479,, 5609-1823,
わかたけクリニック,東京都江東区亀戸9-34-1-136,東京都江東区,139.840317,35.699722,, 5836-7127,土日祝いずれか実施
スマイルクリニック西大島,東京都江東区大島1-29-4アルテシモコルソ101,東京都江東区,139.824982,35.689144,, 3681-9747,土日祝いずれか実施
西大島駅前クリニック,東京都江東区大島1-33-12西大島和田ビル2階,東京都江東区,139.826004,35.688545,, 3637-9784,
小野内科診療所,東京都江東区大島1-33-15小野ビル1階,東京都江東区,139.826004,35.688545,, 3636-5505,
五の橋タワークリニック,東京都江東区大島2-33-10プラウドタワー亀戸1階,東京都江東区,139.8255,35.692612,, 5836-0088,
小林クリニック,東京都江東区大島4-1-6-105,東京都江東区,139.829117,35.687229,, 3684-0481,土日祝いずれか実施
まつもとメディカルクリニック,東京都江東区大島5-7-5ヤマキビル大島4階,東京都江東区,139.832642,35.689377,, 3636-3637,
稲見内科医院,東京都江東区大島5-8-1,東京都江東区,139.833298,35.689251,, 3637-1800,
小林整形外科医院,東京都江東区大島5-46-4小林ビル2階,東京都江東区,139.837158,35.689648,, 3636-6520,
さがみ外科胃腸科クリニック,東京都江東区大島9-5-1コアシティ東大島106,東京都江東区,139.844955,35.692371,, 5628-1161,
岩井橋クリニック,東京都江東区北砂1-5-20東陽町ダイヤモンドパレス1階,東京都江東区,139.822403,35.681919,, 3646-0550,
砂町整形外科医院,東京都江東区北砂5-1-27,東京都江東区,139.832077,35.680367,, 6666-4907,土日祝いずれか実施
南砂町駅前おおさわクリニック,東京都江東区新砂3-3-53アルカナール南砂2階E,東京都江東区,139.831543,35.66774,, 6458-7498,土日祝いずれか実施
葛西橋診療所,東京都江東区東砂5-3-4,東京都江東区,139.841232,35.675697,, 3644-1688,
永岡医院,東京都江東区東砂6-7-5,東京都江東区,139.841263,35.671417,, 3646-2220,土日祝いずれか実施
なおやこどもクリニック,東京都江東区東砂7-19-13ベルコモン南砂2階,東京都江東区,139.837372,35.673374,, 5653-0713,土日祝いずれか実施
鈴木医院,東京都江東区南砂1-9-9,東京都江東区,139.822693,35.678967,, 3644-0749,土日祝いずれか実施
おくむら医院,東京都江東区南砂2-6-3サンライズ東陽2階,東京都江東区,139.81987,35.672508,, 5653-2228,
おかもとこどもクリニック,東京都江東区南砂2-32-5センタービレッジ南砂2階,東京都江東区,139.825226,35.675488,, 6666-6768,土日祝いずれか実施
かぶき内科,東京都江東区南砂3-8-10,東京都江東区,139.830093,35.670708,, 3699-8087,土日祝いずれか実施
山之内医院,東京都江東区南砂6-1-9,東京都江東区,139.832733,35.671829,, 3640-9754,
サワイメディカルクリニック,東京都江東区北砂6-27-17,東京都江東区,139.837601,35.680237,, 3615-0606,土日祝いずれか実施
惠仁クリニック,東京都江東区東砂2-5-7 JMビル2階,東京都江東区,139.842056,35.684547,, 5606-3030,土日祝いずれか実施
鎌上医院,東京都江東区東砂4-9-2,東京都江東区,139.839157,35.675976,, 3644-1023,土日祝いずれか実施
神宮前クリニック,東京都渋谷区神宮前3-6-13,東京都渋谷区,139.712341,35.669697,,,
北青山Dクリニック,東京都渋谷区神宮前3-7-10,東京都渋谷区,139.713364,35.670509,,,
赤阪医院,東京都渋谷区神宮前3-31-9,東京都渋谷区,139.710617,35.672211,,,
神宮外苑 WomanLifeClinic,東京都渋谷区神宮前3-39-5,東京都渋谷区,139.71312,35.671528,,,
ザ・キングクリニック,東京都渋谷区神宮前6-31-11,東京都渋谷区,139.704468,35.668537,,,
しおざき内科,東京都渋谷区渋谷1-7-5,東京都渋谷区,139.706161,35.660667,,,
ヒラハタクリニック,東京都渋谷区渋谷1-24-6,東京都渋谷区,139.702026,35.660255,,,
KARADA内科クリニック渋谷,東京都渋谷区神南1-23-13,東京都渋谷区,139.700897,35.659897,,,
吉峰内科胃腸科,東京都渋谷区東1-27-4,東京都渋谷区,139.707092,35.65448,,,
むすび葉クリニック渋谷,東京都渋谷区東2-2-8,東京都渋谷区,139.708969,35.654583,,,
渋谷済生クリニック,東京都渋谷区東2-23-3,東京都渋谷区,139.70842,35.653156,,,
広尾タワークリニック,東京都渋谷区広尾1-1-31,東京都渋谷区,139.712723,35.649933,,,
エスエス内科循環器科クリニック,東京都渋谷区広尾1-10-11,東京都渋谷区,139.716705,35.648338,,,
広尾ガーデンヒルズクリニック,東京都渋谷区広尾4-1-12 G棟,東京都渋谷区,139.718979,35.653622,,,
メディカルクリニック広尾,東京都渋谷区広尾5-16-4,東京都渋谷区,139.720764,35.649899,,,
笠原クリニック,東京都渋谷区広尾5-20-5,東京都渋谷区,139.719177,35.648914,,,
矢澤クリニック渋谷,東京都渋谷区上原1-33-11,東京都渋谷区,139.681076,35.669273,,,
マノメディカルクリニック,東京都渋谷区恵比寿1-8-1,東京都渋谷区,139.71019,35.647655,,,
東肛門科胃腸科クリニック,東京都渋谷区恵比寿1-9-7,東京都渋谷区,139.710999,35.647144,,,
あさの整形外科,東京都渋谷区恵比寿2-10-1,東京都渋谷区,139.716843,35.645683,,,
恵比寿クリニック,東京都渋谷区恵比寿4-1-18,東京都渋谷区,139.711487,35.644524,,,
恵比寿こどもクリニック,東京都渋谷区恵比寿4-9-13,東京都渋谷区,139.713699,35.645863,,,
佐藤クリニック,東京都渋谷区恵比寿4-28-5,東京都渋谷区,139.716171,35.645332,,,
えびすハートクリニック,東京都渋谷区恵比寿西1-10-7,東京都渋谷区,139.707687,35.646732,,,
まみや内科胃腸クリニック,東京都渋谷区恵比寿西1-8-7,東京都渋谷区,139.708328,35.647675,,,
淳クリニック,東京都渋谷区恵比寿西1-14-2,東京都渋谷区,139.707703,35.647835,,,
サン・キタノクリニック,東京都渋谷区恵比寿西1-14-8,東京都渋谷区,139.707703,35.647835,,,
恵比寿内科クリニック,東京都渋谷区恵比寿南1-1-1,東京都渋谷区,139.708725,35.646736,,,
恵比寿脳神経外科・内科クリニック,東京都渋谷区恵比寿南1-4-15,東京都渋谷区,139.708603,35.646149,,,
内藤小児科内科医院,東京都渋谷区恵比寿南2-5-9,東京都渋谷区,139.707397,35.644413,,,
恵比寿みなみ観音坂クリニック,東京都渋谷区恵比寿南3-10-14,東京都渋谷区,139.705841,35.644733,,,
クリニック桜丘,東京都渋谷区桜丘町14-6,東京都渋谷区,139.701599,35.655495,,,
ゆみのハートクリニック渋谷,東京都渋谷区桜丘町25-18,東京都渋谷区,139.700378,35.65694,,,
Dr.KAKUKO スポーツクリニック,東京都渋谷区猿楽町9-8,東京都渋谷区,139.702927,35.65126,,,
代官山内科外科クリニック,東京都渋谷区猿楽町21-3,東京都渋谷区,139.700821,35.649628,,,
うえき内科こどもクリニック,東京都渋谷区猿楽町24-7,東京都渋谷区,139.701645,35.648392,,,
代官山診療所,東京都渋谷区猿楽町24-7,東京都渋谷区,139.701645,35.648392,,,
代官山パークサイドクリニック,東京都渋谷区代官山町16-1,東京都渋谷区,139.702774,35.649635,,,
放友クリニック,東京都渋谷区宇田川町7-13,東京都渋谷区,139.695877,35.663506,,,
MYメディカルクリニック,東京都渋谷区宇田川町20-17,東京都渋谷区,139.700287,35.660854,,,
道玄坂平賀クリニック,東京都渋谷区道玄坂1-9-3,東京都渋谷区,139.699615,35.657192,,,
長岩医院,東京都渋谷区道玄坂2-9-5,東京都渋谷区,139.698074,35.658875,,,
日健クリニック,東京都渋谷区道玄坂2-10-7,東京都渋谷区,139.696609,35.657677,,,
中島医院,東京都渋谷区松濤1-8-16,東京都渋谷区,139.694168,35.66016,,,
セントラル病院,東京都渋谷区松濤2-18-1,東京都渋谷区,139.689575,35.658894,,,
千駄ヶ谷インターナショナルクリニック,東京都渋谷区千駄ヶ谷1-20-3,東京都渋谷区,139.710236,35.679207,,,
せんだがや整形外科リハビリクリニック,東京都渋谷区千駄ヶ谷1-22-3,東京都渋谷区,139.709061,35.679142,,,
代々木病院,東京都渋谷区千駄ヶ谷1-30-7,東京都渋谷区,139.709946,35.680836,,,
フェニックスメディカルクリニック,東京都渋谷区千駄ヶ谷3-41-6,東京都渋谷区,139.705643,35.678619,,,
バリューHRビルクリニック,東京都渋谷区千駄ヶ谷5-25-5,東京都渋谷区,139.703537,35.684662,,,
U CLINIC SHINJUKU,東京都渋谷区千駄ヶ谷5-27-5,東京都渋谷区,139.702942,35.686234,,,
東海大学医学部付属東京病院,東京都渋谷区代々木1-2-5,東京都渋谷区,139.700974,35.680202,,,
代々木山下医院,東京都渋谷区代々木1-35-4,東京都渋谷区,139.701782,35.683819,,,
花クリニック,東京都渋谷区代々木1-38-11,東京都渋谷区,139.700897,35.68277,,,
きかわだクリニック,東京都渋谷区代々木1-43-7,東京都渋谷区,139.699234,35.682529,,,
田尻医院,東京都渋谷区代々木1-53-4,東京都渋谷区,139.700119,35.684261,,,
久野マインズタワークリニック,東京都渋谷区代々木2-1-1,東京都渋谷区,139.69957,35.685909,,,
JR東京総合病院,東京都渋谷区代々木2-1-3,東京都渋谷区,139.69957,35.685909,,,
みいクリニック代々木,東京都渋谷区代々木2-44-12,東京都渋谷区,139.696777,35.682819,,,
新宿ロイヤル診療所,東京都渋谷区代々木2-9-2,東京都渋谷区,139.698715,35.688068,,,
望星新宿南口クリニック,東京都渋谷区代々木2-9-2,東京都渋谷区,139.698715,35.688068,,,
新宿内科,東京都渋谷区代々木2-9-5,東京都渋谷区,139.698715,35.688068,,,
南新宿クリニック耳鼻科・小児科,東京都渋谷区代々木2-11-12,東京都渋谷区,139.697189,35.687408,,,
新宿つるかめクリニック,東京都渋谷区代々木2-11-15,東京都渋谷区,139.697189,35.687408,,,
鎮目記念クリニック,東京都渋谷区代々木2-16-7,東京都渋谷区,139.69606,35.686413,,,
谷本呼吸器内科クリニック,東京都渋谷区代々木2-16-7,東京都渋谷区,139.69606,35.686413,,,
東京メモリアルクリニック,東京都渋谷区代々木2-16-7,東京都渋谷区,139.69606,35.686413,,,
赤心堂クリニック,東京都渋谷区代々木3-33-10,東京都渋谷区,139.692291,35.683029,,,
参宮橋脊椎外科病院,東京都渋谷区代々木3-57-1,東京都渋谷区,139.696213,35.68066,,,
山脇診療所,東京都渋谷区代々木4-5-16,東京都渋谷区,139.69249,35.678783,,,
初台あらいクリニック,東京都渋谷区代々木4-32-1,東京都渋谷区,139.688721,35.682182,,,
マーガレットこどもクリニック,東京都渋谷区代々木4-37-15,東京都渋谷区,139.689133,35.680599,,,
稲垣クリニック,東京都渋谷区代々木5ー7-17,東京都渋谷区,139.688354,35.669933,,,
さかいメディカルクリニック,東京都渋谷区元代々木町6-1,東京都渋谷区,139.686569,35.670071,,,
内藤病院,東京都渋谷区初台1-35-10,東京都渋谷区,139.686172,35.679623,,,
越川医院,東京都渋谷区大山町36-13,東京都渋谷区,139.675949,35.668617,,,
ほしなこどもクリニック,東京都渋谷区西原2-34-9,東京都渋谷区,139.676224,35.675129,,,
浜内科クリニック,東京都渋谷区西原3-2-4,東京都渋谷区,139.682388,35.670437,,,
代々木上原こどもクリニック,東京都渋谷区西原3-7-8,東京都渋谷区,139.680801,35.669857,,,
代々木上原駅前内科クリニック,東京都渋谷区西原3-7-8,東京都渋谷区,139.680801,35.669857,,,
あおい内科,東京都渋谷区西原3-8-5,東京都渋谷区,139.679825,35.669041,,,
あさわクリニック初台,東京都渋谷区本町1-4-3,東京都渋谷区,139.68512,35.681694,,,
森医院,東京都渋谷区本町2-6-9,東京都渋谷区,139.683426,35.683117,,,
荻原整形外科,東京都渋谷区本町2-7-10,東京都渋谷区,139.683121,35.683609,,,
鈴木医院,東京都渋谷区本町2-18-8,東京都渋谷区,139.680878,35.682358,,,
渡辺クリニック,東京都渋谷区本町3-10-3-202,東京都渋谷区,139.682846,35.688698,,,
西新宿5丁目内山クリニック,東京都渋谷区本町3-31-13,東京都渋谷区,139.682144,35.68988,,,
ニキ・ハートクリニック,東京都渋谷区本町4-16-9,東京都渋谷区,139.67952,35.687805,,,
小泉クリニック,東京都渋谷区幡ヶ谷1-31-6,東京都渋谷区,139.675827,35.676037,,,
幡ヶ谷内科クリニック,東京都渋谷区幡ヶ谷2-16-8,東京都渋谷区,139.675537,35.677666,,,
はたがや協立診療所,東京都渋谷区幡ヶ谷3-9-11,東京都渋谷区,139.675522,35.680927,,,
かずえキッズクリニック,東京都渋谷区幡ヶ谷3-81-7,東京都渋谷区,139.67009,35.680916,,,
笹塚井上クリニック,東京都渋谷区笹塚1-15-4,東京都渋谷区,139.669113,35.671947,,,
藤岡医院,東京都渋谷区笹塚1-30-11,東京都渋谷区,139.666321,35.673023,,,
ノリメディカルクリニック笹塚南,東京都渋谷区笹塚1-30-3,東京都渋谷区,139.666321,35.673023,,,
坂本クリニック,東京都渋谷区笹塚1－31－11,東京都渋谷区,139.666687,35.672749,,,
松吉医院,東京都渋谷区笹塚1-57-5,東京都渋谷区,139.666855,35.674023,,,
笹塚・代田橋透析クリニック,東京都渋谷区笹塚1－64－8,東京都渋谷区,139.662003,35.672688,,,
代々木の森耳鼻咽喉科,東京都渋谷区富ヶ谷1-8-3,東京都渋谷区,139.690567,35.668762,,,
富ヶ谷みらいクリニック,東京都渋谷区富ヶ谷1-49-3,東京都渋谷区,139.688324,35.668293,,,
代々木八幡クリニック,東京都渋谷区富ヶ谷1-51-4,東京都渋谷区,139.689346,35.668709,,,
木島小児科内科耳鼻咽喉科医院,東京都渋谷区富ヶ谷2-21-10,東京都渋谷区,139.686737,35.662117,,,
天王洲内科医院,東京都品川区東品川2-2-8　スフィアタワー天王洲ＣＳ棟2階233号,東京都品川区,139.749191,35.62175,一般,窓口／電話(6712-0086),
キャップスクリニック東品川,東京都品川区東品川4-5-22　オアーゼ品川レジデンス1階,東京都品川区,139.746765,35.609825,一般,Web／窓口／電話(4579-9249),
さとうクリニック,東京都品川区南品川2-17-25　2階,東京都品川区,139.744522,35.611744,一般,窓口／電話(3450-0010),
南品川スマートクリニック,東京都品川区南品川3-6-36,東京都品川区,139.744705,35.608429,一般,窓口／電話(6810-3375),
医聖よろずクリニックあおよこ院,東京都品川区南品川3-6-39,東京都品川区,139.744705,35.608429,一般,なし,
小川クリニック,東京都品川区南品川3-6-51　NK南品川1階,東京都品川区,139.744705,35.608429,かかりつけのみ,窓口／電話(5460-1188),
みんなのクリニック大井町,東京都品川区南品川6-15-5,東京都品川区,139.738373,35.609936,一般,なし,
上田診療所,東京都品川区北品川1-11-1　寿ビル1階,東京都品川区,139.742355,35.624569,一般,窓口／電話(5495-7800),
北品川藤クリニック,東京都品川区北品川1-23-18　海文堂ビル1階,東京都品川区,139.741241,35.621368,かかりつけ優先,窓口／電話(6433-9957),
みやざきＲＣクリニック,東京都品川区北品川2-23-2　レジデンス品川3階,東京都品川区,139.742538,35.618019,一般,窓口,
嶋本皮膚科内科医院,東京都品川区北品川2-8-6,東京都品川区,139.743454,35.61845,かかりつけ優先,Web／窓口,
のぞみクリニック,東京都品川区北品川2-9-12,東京都品川区,139.742813,35.618649,一般,Web／窓口,
高梨医院,東京都品川区北品川3-11-17-1階,東京都品川区,139.739273,35.616436,かかりつけのみ,窓口,
第三北品川病院,東京都品川区北品川3-3-7,東京都品川区,139.739075,35.62114,かかりつけのみ,電話(3474-1831),
めぐみクリニック目黒,東京都品川区上大崎2-12-2　ミズホビル2階,東京都品川区,139.716431,35.634914,一般,窓口,
めぐみクリニック目黒２,東京都品川区上大崎2-12-2　ミズホビル3階,東京都品川区,139.716431,35.634914,一般,Web,
目黒みらい内科クリニック,東京都品川区上大崎2-13-26　メイプルトップビル3階,東京都品川区,139.71788,35.634651,一般,Web,
目黒外科,東京都品川区上大崎2-15-18　目黒東豊ビル6階,東京都品川区,139.716599,35.634388,一般,窓口／電話(5420-8080),
目黒西口クリニック,東京都品川区上大崎2-17-2　JR目黒グリーンビル6階,東京都品川区,139.715073,35.63567,一般,窓口,
上大崎クリニック,東京都品川区上大崎3-10-7,東京都品川区,139.717926,35.632076,一般,窓口／電話(3440-6311),
こどもの森クリニック,東京都品川区上大崎3-3-1　自転車総合ビル,東京都品川区,139.718155,35.633781,かかりつけのみ,電話(5798-4141),
田口クリニック,東京都品川区西五反田1-25-5,東京都品川区,139.722443,35.62389,かかりつけ優先,電話(6417-4155),
ＫＡＲＡＤＡ内科クリニック,東京都品川区西五反田1-2-8　FPG links GOTANDA 10階,東京都品川区,139.722763,35.625759,一般,Web,
平尾クリニック,東京都品川区西五反田1-7-1-304,東京都品川区,139.723801,35.625149,かかりつけ優先,窓口／電話(5740-6612),
おおさわ胃腸肛門内視鏡クリニック品川,東京都品川区西五反田3-10-12-3階,東京都品川区,139.715927,35.627087,かかりつけ優先,窓口／電話(5487-1030),
宮平医院,東京都品川区西五反田4-22-3,東京都品川区,139.708282,35.62495,かかりつけ優先,窓口／電話(非掲載),
ヒロセクリニック,東京都品川区西五反田4-31-17　MYビル3階,東京都品川区,139.713684,35.62677,かかりつけ優先,窓口／電話(5437-3085),
しむら医院,東京都品川区西五反田5-9-6　矢崎ビル2階,東京都品川区,139.714935,35.625313,かかりつけ優先,窓口／電話(5437-2240),
大崎広小路内科,東京都品川区西五反田8-4-15　グリンデル広小路4階,東京都品川区,139.721985,35.622623,かかりつけ優先,窓口／電話(6420-0228),
ゲートシティ大崎・メディカルクリニック,東京都品川区大崎1-11-1　ゲートシティ大崎ウエストタワー4階,東京都品川区,139.729553,35.616947,一般,窓口／電話(5437-5874),
品川ガーデンクリニック,東京都品川区大崎1-20-3　イマス大崎ビル2階,東京都品川区,139.73053,35.617901,一般,Web,
三穂クリニック,東京都品川区大崎1-6-4　新大崎勧業ビル2階,東京都品川区,139.729477,35.620121,かかりつけ優先,窓口／電話(5436-8600),
ThinkParkハートクリニック,東京都品川区大崎2-1-1　ThinkParkTower3階,東京都品川区,139.727356,35.61837,かかりつけ優先,窓口／電話(5745-0737),
三水会クリニック,東京都品川区大崎2-5-15-101,東京都品川区,139.725189,35.61797,一般,窓口／電話(3491-1633),
ハピコワクリニック五反田,東京都品川区東五反田1-22-6　五反田さくらビル5階,東京都品川区,139.726974,35.625931,一般,Web,
阿部病院,東京都品川区東五反田1-6-8,東京都品川区,139.726105,35.62714,かかりつけ優先,窓口,
サザンガーデンクリニック,東京都品川区東五反田2-10-1-202,東京都品川区,139.727219,35.624458,一般,なし,
シティクリニック,東京都品川区東五反田2-2-16-3階,東京都品川区,139.725189,35.625416,一般,窓口,
五反田泌尿器科内科　すどうクリニック,東京都品川区東五反田4-11-6　クレスト五反田ビル2階B号,東京都品川区,139.725754,35.629982,かかりつけ優先,窓口／電話(6432-5785),
五反田ガーデンクリニック,東京都品川区東五反田5-22-27　関配ビル7階,東京都品川区,139.722595,35.628201,一般,Web,
東京アーバンクリニック五反田,東京都品川区東五反田5-27-3　第二野村ビル5階,東京都品川区,139.72374,35.627064,一般,Web,
五反田なると耳鼻咽喉科,東京都品川区東五反田5-28-10-7階,東京都品川区,139.723145,35.627377,かかりつけ優先,Web／窓口／電話(6432-5644),
金城医院,東京都品川区内科・小児科　西大井4-2-5,東京都品川区,139.731781,35.608261,一般,窓口／電話(3772-1660),
萩沢医院,東京都品川区西大井5-9-20,東京都品川区,139.718613,35.599411,一般,Web／窓口,
松山クリニック,東京都品川区西大井6-15-12,東京都品川区,139.716309,35.599819,一般,窓口／電話(050-5532-5431),
大井町とうまクリニック,東京都品川区大井1-16-2　ブリリア大井町ラヴィアンタワー2階,東京都品川区,139.730164,35.607761,一般,なし,
大井町整形外科・外科クリニック,東京都品川区大井1-23-1　カクタビル5階,東京都品川区,139.732742,35.60622,かかりつけ優先,電話(6303-8311),
名和内科クリニック,東京都品川区大井1-23-7　大井町駅前三井ビル2階,東京都品川区,139.732742,35.60622,一般,Web／窓口／電話(5718-3003),
たつのシティタワークリニック,東京都品川区大井1-31-1　シティタワー大井町102,東京都品川区,139.730637,35.605827,一般,窓口／電話(6303-8737),
大井町なかじま眼科・内科,東京都品川区大井2-1-1,東京都品川区,139.728653,35.606071,かかりつけ優先,窓口／電話(3785-1255),
たつのこどもクリニック,東京都品川区大井2-2-11　1階,東京都品川区,139.728119,35.605652,かかりつけのみ,電話(3775-8600),
柿島医院,東京都品川区大井3-21-10　パレスハーゼル1階,東京都品川区,139.727356,35.601276,一般,窓口,
林耳鼻咽喉科医院,東京都品川区大井3-6-12,東京都品川区,139.730972,35.602734,一般,窓口／電話(090-4722-1593),
林小児科内科医院,東京都品川区大井3-6-12　2階,東京都品川区,139.730972,35.602734,かかりつけ優先,窓口／電話(3777-7127),
はやしクリニック,東京都品川区大井4-5-7,東京都品川区,139.733597,35.603539,一般,窓口／電話(3778-5941),
安澤医院,東京都品川区大井5-14-4,東京都品川区,139.725876,35.598732,かかりつけのみ,窓口,
大西クリニック,東京都品川区大井5-5-30,東京都品川区,139.729034,35.599602,かかりつけのみ,窓口,
おりしきみつるクリニック,東京都品川区東大井2-19-11,東京都品川区,139.739899,35.599735,かかりつけのみ,窓口／電話(5762-2789),
小澤医院,東京都品川区東大井3-1-18,東京都品川区,139.738205,35.604557,かかりつけ優先,Web／窓口,
孝仁クリニック,東京都品川区東大井5-14-11　サンフラワー1階,東京都品川区,139.73671,35.606293,かかりつけのみ,窓口／電話(3474-5566),
大井町メディカルクリニック,東京都品川区東大井5-14-15　大井町MCビル2～5階,東京都品川区,139.73671,35.606293,かかりつけ優先,窓口／電話(5715-3450),
鈴木内科医院,東京都品川区東大井6-7-3,東京都品川区,139.73671,35.603558,かかりつけのみ,窓口,
おおしまこどもクリニック,東京都品川区南大井3-16-11,東京都品川区,139.734024,35.590134,かかりつけのみ,Web／窓口／電話(5762-5272),
さかい皮フ科形成外科,東京都品川区南大井6-28-8　第25東ビル５階,東京都品川区,139.729767,35.588371,かかりつけ優先,窓口／電話(6450-0530),
栗原医院,東京都品川区荏原2-10-13,東京都品川区,139.710052,35.617424,一般,窓口／電話(3781-0530),
荏原内科・外科クリニック,東京都品川区荏原2-3-8　My品川ビル201,東京都品川区,139.71228,35.617485,一般,窓口／電話(5751-7470),
石井クリニック,東京都品川区荏原4-7-10,東京都品川区,139.706726,35.614887,かかりつけのみ,窓口,
小野内科,東京都品川区荏原5-16-19,東京都品川区,139.701202,35.613174,一般,窓口／電話(3781-9580),
さいとうファミリークリニック,東京都品川区旗の台1-8-3,東京都品川区,139.701981,35.61013,一般,窓口／電話(3786-0146),
旗の台アレルギーこどもクリニック,東京都品川区旗の台2-1-22　もとまる2号館2階,東京都品川区,139.704041,35.607094,一般,Web／窓口／電話(5749-1937),
旗の台内科・救急クリニック,東京都品川区旗の台2-1-29,東京都品川区,139.704041,35.607094,一般,窓口／電話(6426-1889),
みしま内科,東京都品川区旗の台5-8-5,東京都品川区,139.703217,35.603401,一般,窓口,
鈴の木こどもクリニック,東京都品川区戸越1-3-1　夢のこども館,東京都品川区,139.718811,35.617558,かかりつけのみ,窓口／電話(3786-0318),
もちづき内科クリニック,東京都品川区戸越4-9-12　アビタシオン戸越1階,東京都品川区,139.719193,35.610886,かかりつけのみ,電話(6426-2711),
荏原ホームケアクリニック,東京都品川区戸越5-14-24　ITOビル5階,東京都品川区,139.715378,35.610146,かかりつけのみ,Web,
麦谷医院,東京都品川区戸越5-7-20　LAPビル1階,東京都品川区,139.718918,35.610008,かかりつけのみ,窓口,
吉原医院,東京都品川区戸越5-8-5,東京都品川区,139.719727,35.609791,かかりつけのみ,窓口／電話(3781-4030),
小山中央診療所,東京都品川区小山3-1-10,東京都品川区,139.70282,35.620056,一般,電話(3712-3415),
穂坂クリニック,東京都品川区小山3-24-6,東京都品川区,139.704437,35.618816,かかりつけのみ,窓口,
武蔵小山駅前ままた内科クリニック,東京都品川区小山3-27-1-202,東京都品川区,139.703537,35.619911,かかりつけ優先,電話(3787-3109),
武蔵小山胃腸内視鏡クリニック,東京都品川区小山4-13-13,東京都品川区,139.701767,35.618008,一般,電話(0120-949-922),
和光医院,東京都品川区小山4-8-1,東京都品川区,139.703094,35.618359,一般,窓口／電話(3784-6131),
野本内科クリニック,東京都品川区小山6-3-9　ウエストヴィレッジビルディング3階,東京都品川区,139.698898,35.615543,一般,窓口,
大高小児科醫院,東京都品川区西中延1-2-23,東京都品川区,139.709137,35.614456,かかりつけのみ,窓口／電話(6426-6070),
森山医院,東京都品川区西中延2-8-8,東京都品川区,139.708755,35.610271,かかりつけのみ,窓口,
こみね循環器科・内科クリニック,東京都品川区中延5-13-16　1階,東京都品川区,139.708862,35.601578,かかりつけのみ,窓口／電話(5750-6355),
もり脳神経外科クリニック,東京都品川区中延5-2-2　ザ・パークハウス品川荏原町201,東京都品川区,139.707733,35.603695,かかりつけのみ,窓口,
ゆきこどもクリニック,東京都品川区中延5-3-8-101,東京都品川区,139.708633,35.603661,一般,窓口／電話(3784-2555),
高山クリニック,東京都品川区中延5-4-11,東京都品川区,139.709412,35.60363,かかりつけのみ,窓口,
かしわせクリニック,東京都品川区中延5-7-5,東京都品川区,139.707352,35.603191,一般,窓口,
中村医院,東京都品川区中延6-4-17,東京都品川区,139.71257,35.602276,一般,窓口／電話(3784-0128),
小川医院,東京都品川区中延6-9-18,東京都品川区,139.712173,35.600983,一般,窓口／電話(3781-7606),
あじさい診療所,東京都品川区東中延1-1-7　カーサ東中延1階,東京都品川区,139.713226,35.612041,一般,電話(5750-6070),
なかのぶクリニック,東京都品川区東中延2-10-11　智勇第2ビル3階,東京都品川区,139.712646,35.606735,一般,窓口／電話(5749-3215),
仲田クリニック,東京都品川区東中延2-9-7,東京都品川区,139.713379,35.606556,一般,窓口／電話(5749-5117),
二葉医院,東京都品川区二葉1-7-9,東京都品川区,139.728806,35.60878,かかりつけ優先,窓口／電話(3782-2748),
すずき内科クリニック,東京都品川区二葉1-8-7,東京都品川区,139.729019,35.608273,一般,窓口,
山田整形外科,東京都品川区二葉2-21-1,東京都品川区,139.723297,35.603573,かかりつけ優先,窓口,
千葉内科歯科クリニック,東京都品川区二葉2-2-2,東京都品川区,139.724289,35.606174,一般,窓口／電話(3781-2053),
横山外科内科,東京都品川区二葉2-3-1,東京都品川区,139.72522,35.605129,一般,窓口,
なるき内科クリニック,東京都品川区二葉3-26-6　ヴィラ西大井101,東京都品川区,139.720245,35.601898,一般,窓口,
二葉クリニック,東京都品川区二葉4-18-2,東京都品川区,139.71788,35.602016,一般,窓口,
原医院,東京都品川区平塚1-17-6　グリーンパレス戸越201,東京都品川区,139.713654,35.612896,一般,窓口／電話(3784-1123),
戸越銀座駅近内科クリニック,東京都品川区平塚1-7-16,東京都品川区,139.716141,35.61499,一般,窓口,
和田外科医院,東京都品川区平塚1-8-18　カスタリア戸越駅前1階,東京都品川区,139.715042,35.615074,一般,窓口／電話(3781-4936),
戸越銀座なかむら整形外科,東京都品川区平塚2-15-15　2階,東京都品川区,139.713867,35.61618,一般,窓口／電話(5749-7116),
たごファミリークリニック,東京都品川区平塚2-15-15　3階,東京都品川区,139.713867,35.61618,かかりつけ優先,窓口,
まつばらクリニック,東京都品川区平塚3-3-13　1階,東京都品川区,139.710831,35.616058,かかりつけのみ,窓口,
戸越泌尿器科内科クリニック,東京都品川区豊町1-3-17　山崎ビル1階,東京都品川区,139.723511,35.614285,一般,窓口,
青柳医院,東京都品川区豊町1-4-15　第一青柳ビル1階・2階,東京都品川区,139.722427,35.614468,かかりつけのみ,窓口,
ゆたか診療所,東京都品川区豊町4-18-21,東京都品川区,139.720566,35.60606,かかりつけのみ,窓口,
戸越パーククリニック,東京都品川区豊町6-10-4　西豊ビル1階,東京都品川区,139.717911,35.606159,かかりつけ優先,窓口／電話(3784-1054),
伊藤クリニック,東京都品川区豊町6-11-8,東京都品川区,139.717911,35.605389,一般,窓口／電話(3783-1020),
木内医院,東京都品川区豊町6-7-1,東京都品川区,139.71698,35.60614,かかりつけのみ,窓口,
東京シティクリニック品川,東京都品川区八潮5-10-27,東京都品川区,139.752625,35.599377,一般,Web／窓口,
園田クリニック,東京都品川区八潮5-6-37-105,東京都品川区,139.749603,35.596588,一般,窓口／電話(3799-0816),
川村内科クリニック,東京都品川区八潮5-8-47-105,東京都品川区,139.751862,35.597027,かかりつけ優先,窓口／電話(3799-1577),
松崎内科クリニック,東京都港区新橋1-15-5 ペルサ115 9階,東京都港区,139.757233,35.668022,,3591-7006,
森野クリニック,東京都港区新橋1-18-19 キムラヤ大塚ビル7F,東京都港区,139.755844,35.668629,,3591-2200,
新橋アレルギー・リウマチクリニック,東京都港区新橋2-16-1 ニュー新橋ビル318,東京都港区,139.757401,35.666309,,3591-6409,
ニュー新橋クリニック,東京都港区新橋2-16-1 ニュー新橋ビル4Ｆ,東京都港区,139.757401,35.666309,,3580-6775,
新橋青木クリニック,東京都港区新橋3-23-4 青木ビル,東京都港区,139.757782,35.664673,,3432-0381,
新橋日比谷通りクリニック,東京都港区新橋2-12-16 明和ビル3階,東京都港区,139.754761,35.667259,,3595-4976,
芝診療所,東京都港区新橋6-19-21,東京都港区,139.753586,35.660988,,3432-8701,
悠翔会在宅クリニック新橋,東京都港区新橋5-14-10 新橋スクエアビル7Ｆ,東京都港区,139.756378,35.662151,,6432-0312,
インターナショナルヘルスケアクリニック,東京都港区新橋2-10-5 末吉ビル3階,東京都港区,139.755753,35.667133,,3501-1332,
藤美クリニック,東京都港区西新橋1-24-16 平和ビル6F,東京都港区,139.751236,35.668411,,3501-3705,
西新橋みむろクリニック,東京都港区西新橋1-5-9 4F,東京都港区,139.753525,35.669243,,5251-8256,
汐留シティセンターセントラルクリニック,東京都港区東新橋1-5-2 汐留シティセンター3F,東京都港区,139.761398,35.665634,,5568-8700,
ペディ汐留クリニック,東京都港区東新橋1-9-1 東京汐留ビルディングB2F,東京都港区,139.760895,35.662498,,6274-5074,
藏本内科クリニック,東京都港区芝公園1-7-15 池田ビル1F,東京都港区,139.752365,35.657593,,5733-3355,
金杉橋クリニック,東京都港区浜松町2-13-4 KTビル3F,東京都港区,139.755386,35.653206,,3432-5721,
汐留健診クリニック,東京都港区浜松町1-17-10,東京都港区,139.755981,35.658207,,3432-8888,
おかだスマイルクリニック,東京都港区浜松町2-3-1 日本生命浜松町クレアタワー4F,東京都港区,139.755569,35.65564,,6809-1725,
浜松町メディカルクリニック,東京都港区芝大門2-3-11,東京都港区,139.753845,35.656261,,6809-2152,
竹芝水辺のクリニック,東京都港区海岸1-10-30 アトレ竹芝タワー棟3階,東京都港区,139.761902,35.657009,,3432-3232,
東京港診療所,東京都港区海岸3-9-5-2F,東京都港区,139.753876,35.638836,,3451-4620,
川島医院,東京都港区虎ノ門1-8-14 三昭ビル3F,東京都港区,139.75061,35.669235,,3519-6651,
神谷町クリニック,東京都港区虎ノ門3-17-1 TOKYU REIT虎ノ門ビル1F,東京都港区,139.746368,35.664059,,3433-0343,
虎ノ門中村クリニック,東京都港区虎ノ門3-10-4 虎ノ門ガーデン103,東京都港区,139.747925,35.665012,,6823-1409,
かみや町駅前クリニック,東京都港区虎ノ門4-2-4 クレッセント虎ノ門5階,東京都港区,139.745804,35.664181,,6450-1376,
虎の門耳鼻科クリニック,東京都港区虎ノ門1-1-25-6Ｆ,東京都港区,139.750565,35.670292,,3597-8286,
霞ヶ関診療所,東京都港区虎ノ門1-1-18 ヒューリック虎ノ門ビル2F,東京都港区,139.750565,35.670292,,080-8811-7000,
日比谷クリニック,東京都港区虎ノ門1-1-20 虎ノ門実業会館5Ｆ,東京都港区,139.750565,35.670292,,3508-2508,
アイビークリニック虎ノ門,東京都港区虎ノ門1-8-8,東京都港区,139.75061,35.669235,,5501-1511,
虎ノ門とうまクリニック,東京都港区虎ノ門1-1-16 虎の門中央ビル4Ｆ,東京都港区,139.750565,35.670292,,3502-4080,
菅沼三田診療所,東京都港区芝5-19-5 JP田町1F,東京都港区,139.747818,35.647621,,3452-1748,
篠原医院,東京都港区芝5-20-20,東京都港区,139.747101,35.647655,,3451-0528,
しば胃腸こうもんクリニック,東京都港区芝4-11-5 KTビル3F,東京都港区,139.7509,35.648159,,6453-9307,
東京シティクリニック三田,東京都港区芝4-5-8 池藤ビル2F,東京都港区,139.750885,35.648712,,5439-5566,
芝公園クリニック,東京都港区芝3-15-5 ジョイビレッジ芝公園3F,東京都港区,139.745316,35.65353,,3455-5525,
鈴木胃腸消化器クリニック,東京都港区芝5-27-1,東京都港区,139.74617,35.647045,,3455-6121,
港三田クリニック,東京都港区芝5-16-1 千代ビル3F,東京都港区,139.746155,35.648643,,3456-3391,
東京都済生会中央病院,東京都港区三田1-4-17 ,東京都港区,139.742737,35.653156,,,
三田国際ビルクリニック,東京都港区三田1-4-28 三田国際ビル3F,東京都港区,139.742737,35.653156,,3454-8614,
たまちホームクリニック,東京都港区三田3-1-4,東京都港区,139.74379,35.647675,,6435-2331,
三田ハウス内科クリニック,東京都港区三田5-2-18-109,東京都港区,139.737732,35.647598,,5443-3864,
もとやまクリニック,東京都港区白金1-8-9,東京都港区,139.731735,35.645992,,3473-2866,
白金タワークリニック,東京都港区白金1-17-1,東京都港区,139.733154,35.644455,,5789-3882,
耳鼻咽喉科望月医院,東京都港区白金3-10-18,東京都港区,139.731079,35.645184,,3442-3387,
白金三光クリニック,東京都港区白金1-25-31-102,東京都港区,139.732147,35.644268,,6456-4350,
都ホテル東京メディカルクリニック,東京都港区白金台1-1-50 都ホテル東京Ｂ1Ｆ,東京都港区,139.729813,35.63879,,3473-1651,
高輪台出川循環器・内科クリニック,東京都港区白金台2-11-8 永昌高輪台ビル3F,東京都港区,139.730743,35.632641,,5422-9105,
石原内科クリニック,東京都港区白金台4-2-11 3F,東京都港区,139.727798,35.639618,,5423-5560,
白金台診療所,東京都港区白金台5-18-6,東京都港区,139.72319,35.63689,,3473-4741,
白金高輪海老根ウィメンズクリニック,東京都港区高輪1-2-17 5F,東京都港区,139.735092,35.644142,,5789-2590,
かただ小児科クリニック,東京都港区高輪2-5-14-101,東京都港区,139.733597,35.636669,,5475-3260,
敬友クリニック高輪,東京都港区高輪2-14-17 グレイス高輪1Ｆ,東京都港区,139.737991,35.635578,,3442-5161,
品川ハートメディカルクリニック,東京都港区高輪2-15-11 高輪ホワイトマンション105,東京都港区,139.738358,35.636944,,5422-8841,
ぽれぽれクリニック,東京都港区高輪1-5-21 ルート高輪ビル4階,東京都港区,139.736771,35.641998,,5422-7626,
城南高輪クリニック,東京都港区高輪3-5-20 グランドメゾン高輪台1F,東京都港区,139.731461,35.633656,,3441-0435,
東京ベイクリニック,東京都港区海岸1-16-1 ニューピア竹芝サウスタワー,東京都港区,139.762466,35.652897,,5404-3842,
芝浦アイランド内科クリニック,東京都港区芝浦4-20-4 芝浦アイランドブルームホームズ2F,東京都港区,139.751404,35.639462,,5730-0221,
お台場クリニック,東京都港区台場1-5-7-105,東京都港区,139.777939,35.63018,,5531-0731,
芝浦ホームクリニック,東京都港区芝浦4-9-18-613,東京都港区,139.74646,35.640091,,5419-7746,
クリニックフォア田町,東京都港区芝浦3-1-32 なぎさテラス,東京都港区,139.748886,35.644985,,4579-8189,
有明みんなクリニック田町芝浦院,東京都港区芝浦3-2-28 HTアジール芝浦１F,東京都港区,139.750092,35.644482,,6722-6300,
高櫻内科・脳神経クリニック,東京都港区芝浦3-11-5 第三協栄ビル1F,東京都港区,139.749969,35.642895,,6722-6322,
ワールドシティ益子クリニック,東京都港区港南4-6-7 ワールドシティタワーズキャピタルタワー3F,東京都港区,139.751007,35.626987,,5783-0331,
若田クリニックシティタワー品川,東京都港区港南4-2-6-201,東京都港区,139.747742,35.629105,,3471-2972,
品川イーストクリニック,東京都港区港南2-15-2 品川インターシティB棟2Ｆ,東京都港区,139.742004,35.626335,,5783-5521,
品川クリニック,東京都港区港南2-16-3 品川グランドセントラルタワー1F,東京都港区,139.740677,35.626488,,6718-2816,
麻布光輝クリニック,東京都港区西麻布3-3-2,東京都港区,139.726715,35.657982,,6240-2912,
ウスイ内科クリニック,東京都港区西麻布3-2-21 センチュリオン六本木タワー5F,東京都港区,139.727295,35.659698,,3401-0271,
西麻布インターナショナルクリニック,東京都港区西麻布3-17-20 LY西麻布2階,東京都港区,139.725021,35.658821,,6447-5966,
えがおクリニック,東京都港区西麻布4-22-12 BIS西麻布2階,東京都港区,139.718735,35.65723,,6433-5310,
赤枝六本木診療所,東京都港区元麻布3-1-30,東京都港区,139.728485,35.657799,,3405-1388,
元麻布ヒルズメディカルクリニック,東京都港区元麻布1-3-3 元麻布ヒルズフォレストテラスウエストB1,東京都港区,139.731949,35.653934,,3798-2525,
中村クリニック,東京都港区六本木4-5-3,東京都港区,139.732468,35.665005,,3401-8003,
泉ガーデンクリニック,東京都港区六本木1-6-3 泉ガーデンウイングB1F,東京都港区,139.739487,35.664543,,5575-3888,
六本木ファーストクリニック,東京都港区六本木1-7-27 全特六本木ビルEAST 1F,東京都港区,139.740204,35.663788,,5574-7788,
岸本クリニック,東京都港区六本木5-16-4 4F,東京都港区,139.735794,35.660809,,3589-2112,
六本木北浜診療所,東京都港区六本木6-1-20 六本木電気ビル2Ｆ,東京都港区,139.731354,35.662449,,3402-0792,
あべ耳鼻咽喉科クリニック,東京都港区六本木6-1-20 六本木電気ビル2Ｆ,東京都港区,139.731354,35.662449,,3401-3387,
六本木にしやま整形外科,東京都港区六本木6-5-20,東京都港区,139.730759,35.661331,,3470-0015,
六本木ヒルズクリニック,東京都港区六本木6-10-1 六本木ヒルズ 森タワー6F,東京都港区,139.729202,35.660206,,3796-0066,
丸茂レディースクリニック,東京都港区六本木1-6-1 泉ガーデンタワー4F,東京都港区,139.739487,35.664543,,5575-5778,
ジェネラルクリニック,東京都港区六本木6-1-8 グリーンビル8F,東京都港区,139.731354,35.662449,,3401-0333,
モーニングクリニック六本木内科耳鼻咽喉科OR,東京都港区六本木6-1-8 六本木グリーンビル7F,東京都港区,139.731354,35.662449,,080-6727-5415,
祐ホームクリニック麻布台,東京都港区麻布台3-4-18-101,東京都港区,139.738678,35.659779,,050-3823-0159,
海渡医院,東京都港区麻布台1-10-11,東京都港区,139.742874,35.660393,,3583-0265,
八木医院,東京都港区東麻布1-18-9-101,東京都港区,139.742508,35.65583,,3583-0581,
ホロン鳥居坂クリニック耳鼻咽喉科アレルギー科,東京都港区麻布十番1-5-8 ヴェスタビル4F,東京都港区,139.732513,35.65749,,050-5357-2919,
たくま内科・神経内科クリニック,東京都港区麻布十番1-7-1 ＭＧＢ麻布十番ビル4階,東京都港区,139.734726,35.656441,,6434-7478,
みのやまクリニック,東京都港区麻布十番2-1-1 あべちゃんビル4階,東京都港区,139.736313,35.655384,,6459-2686,
麻布医院,東京都港区麻布十番1-11-1 エスティメゾン麻布十番3階,東京都港区,139.736496,35.655727,,5545-8177,
馬場クリニック,東京都港区麻布十番2-13-2,東京都港区,139.735077,35.654858,,3454-7788,
草間かほるクリニック,東京都港区麻布十番3-5-1 バルゴ麻布ビル5F,東京都港区,139.735489,35.653175,,5730-1926,
中村麻布十番クリニック,東京都港区麻布十番2-2-10-2F,東京都港区,139.735657,35.655411,,5419-7300,
大森真帆麻布十番クリニック,東京都港区麻布十番1-5-9 高橋ビル2階,東京都港区,139.732513,35.65749,,6455-4317,
サニーガーデンこどもクリニック,東京都港区麻布十番2-16-4 プラスワンビル3F,東京都港区,139.735474,35.654083,,6722-6623,
麻布ウィメンズクリニック,東京都港区麻布十番2-3-12-3F,東京都港区,139.735184,35.655529,,6809-3103,
MastBeautyクリニック麻布十番,東京都港区麻布十番1-6-5 ラミューズビル5F,東京都港区,139.734238,35.65659,,3478-1107,
医療法人財団厚生会古川橋病院,東京都港区南麻布2-10-21,東京都港区,139.735596,35.647991,,3453-5011,
喜島クリニック,東京都港区南麻布5-10-24 第二佐野ビル4F,東京都港区,139.722626,35.653286,,5791-3424,
フローイーストクリニック,東京都港区南麻布5-10-24 7Ｆ,東京都港区,139.722626,35.653286,,050-5511-0770,
愛育クリニック,東京都港区南麻布5-6-8,東京都港区,139.727524,35.652748,,3473-8305,
優里医院,東京都港区南麻布4-11-30 南麻布澁谷ビル7Ｆ,東京都港区,139.726913,35.647697,,6450-3500,
南青山さとう内科,東京都港区南青山6-12-11,東京都港区,139.715103,35.660583,,3409-7150,
青山内科医院,東京都港区南青山5-1-22 青山ライズスクエア3F,東京都港区,139.712662,35.664352,,3499-6500,
南青山内科クリニック,東京都港区南青山7-8-8-101,東京都港区,139.716965,35.658722,,6805-1836,
やべ耳鼻咽喉科表参道,東京都港区南青山5-10-19 5F,東京都港区,139.71109,35.66259,,3409-3387,
中山医院,東京都港区南青山3-14-19,東京都港区,139.714783,35.665279,,6434-5122,
青山明石クリニック,東京都港区南青山3-14-24-104,東京都港区,139.714783,35.665279,,6447-4525,
青山耳鼻咽喉科,東京都港区南青山2-13-11 マストライフ南青山301,東京都港区,139.720459,35.670757,,3478-8741,
南青山おおつかクリニック,東京都港区南青山4-9-17,東京都港区,139.718109,35.666904,,5786-3288,
青山メディカルクリニック,東京都港区南青山3-10-21 T'S BRIGHTIA 南青山 EAST 1F,東京都港区,139.715073,35.666058,,6434-7118,
武村医院,東京都港区北青山3-12-2,東京都港区,139.710175,35.663441,,3407-7826,
仁保医院,東京都港区北青山3-2-5 NH青山ビル3F,東京都港区,139.715485,35.669067,,3401-1001,
アットホーム表参道クリニック,東京都港区北青山2-12-31 第3イノセビル2階・地下1階,東京都港区,139.715622,35.670555,,3423-3232,
おりつこどもクリニック,東京都港区北青山3-5-4 青山高野ビル5F,東京都港区,139.712769,35.665634,,6721-1188,
岩沢医院,東京都港区赤坂3-1-16 BＩビル2F,東京都港区,139.736816,35.677105,,3583-6155,
清水クリニック,東京都港区赤坂4-4-11 赤坂丹後町ビル1F,東京都港区,139.734467,35.673923,,6441-0358,
赤坂内視鏡クリニック,東京都港区赤坂3-5-5 ストロング赤坂ビル5F,東京都港区,139.738708,35.673645,,6441-2528,
赤坂おだやかクリニック,東京都港区赤坂5-3-1 赤坂Bizタワーアネックス2F,東京都港区,139.735168,35.672558,,6234-0511,
大星クリニック,東京都港区赤坂2-9-11 オリックス赤坂2丁目ビルB1,東京都港区,139.741013,35.671112,,6426-5933,
おおたけ消化器内科クリニック,東京都港区赤坂6-3-20 HATビル4階,東京都港区,139.735626,35.671009,,3588-1371,
赤坂ファミリークリニック,東京都港区赤坂2-15-15 赤坂プラザビル3F,東京都港区,139.738037,35.671497,,5562-8825,
菅原クリニック東京脳ドック,東京都港区赤坂5-2-20 赤坂パークビル2F,東京都港区,139.73317,35.67231,,5573-8822,
赤坂インターナショナルクリニック,東京都港区赤坂5-5-10 赤坂大高ビル2F,東京都港区,139.733826,35.670654,,6277-6337,